[
  {
    "id": "887c2da4-d570-4537-9792-47572fc55dda",
    "data": [
      {
        "text": "range function of an array",
        "userDefined": false
      }
    ],
    "isTemplate": false,
    "count": 0,
    "lang": "en",
    "updated": 0
  },
  {
    "id": "d77db3c5-4343-4860-9d10-f99f3bd750ad",
    "data": [
      {
        "text": "array with range function",
        "userDefined": false
      }
    ],
    "isTemplate": false,
    "count": 0,
    "lang": "en",
    "updated": 0
  },
  {
    "id": "5ed5450b-d992-48bf-b909-4c13a2ac3414",
    "data": [
      {
        "text": "array with range of elements",
        "userDefined": false
      }
    ],
    "isTemplate": false,
    "count": 0,
    "lang": "en",
    "updated": 0
  },
  {
    "id": "22b6089d-26bc-467c-a385-bb588c165254",
    "data": [
      {
        "text": "how to create an array with range of elements",
        "userDefined": false
      }
    ],
    "isTemplate": false,
    "count": 0,
    "lang": "en",
    "updated": 0
  }
]