[
  {
    "id": "2d115f1b-85f8-421a-9e8e-e31d3c26371e",
    "data": [
      {
        "text": "arrays in python",
        "userDefined": false
      }
    ],
    "isTemplate": false,
    "count": 0,
    "lang": "en",
    "updated": 0
  },
  {
    "id": "e53660d3-d40f-4765-ab5c-4f0ae654f0f5",
    "data": [
      {
        "text": "what is python array",
        "userDefined": false
      }
    ],
    "isTemplate": false,
    "count": 0,
    "lang": "en",
    "updated": 0
  },
  {
    "id": "7317a912-794e-46b3-b247-cbfeaf837da9",
    "data": [
      {
        "text": "array in python",
        "userDefined": false
      }
    ],
    "isTemplate": false,
    "count": 0,
    "lang": "en",
    "updated": 0
  },
  {
    "id": "dd75d5a1-9231-4e97-b0f2-dc3afdc03306",
    "data": [
      {
        "text": "array",
        "userDefined": false
      }
    ],
    "isTemplate": false,
    "count": 0,
    "lang": "en",
    "updated": 0
  },
  {
    "id": "f4ea9eca-44e2-42d6-86dd-4a9009dab987",
    "data": [
      {
        "text": "what is an array",
        "userDefined": false
      }
    ],
    "isTemplate": false,
    "count": 0,
    "lang": "en",
    "updated": 0
  }
]