[
  {
    "id": "0045bd15-d7d8-4251-b746-14e4337676fa",
    "data": [
      {
        "text": "create zero array in python library numpy",
        "userDefined": false
      }
    ],
    "isTemplate": false,
    "count": 0,
    "lang": "en",
    "updated": 0
  },
  {
    "id": "6cf353a0-67c6-43ca-a2ac-358d42e7f559",
    "data": [
      {
        "text": "create zero array in numpy",
        "userDefined": false
      }
    ],
    "isTemplate": false,
    "count": 0,
    "lang": "en",
    "updated": 0
  },
  {
    "id": "6fbfd918-8b75-4d05-b7d4-6f42769bf302",
    "data": [
      {
        "text": "create zero array",
        "userDefined": false
      }
    ],
    "isTemplate": false,
    "count": 0,
    "lang": "en",
    "updated": 0
  },
  {
    "id": "efaa5864-3555-45a8-bf21-dd7be3f915ea",
    "data": [
      {
        "text": "array with zeros",
        "userDefined": false
      }
    ],
    "isTemplate": false,
    "count": 0,
    "lang": "en",
    "updated": 0
  },
  {
    "id": "8df0151b-8146-4108-98d8-dc35494cce86",
    "data": [
      {
        "text": "zero array",
        "userDefined": false
      }
    ],
    "isTemplate": false,
    "count": 0,
    "lang": "en",
    "updated": 0
  },
  {
    "id": "f2301b8c-e825-405f-9666-ae78d6531d58",
    "data": [
      {
        "text": "how to create an array with zeros",
        "userDefined": false
      }
    ],
    "isTemplate": false,
    "count": 0,
    "lang": "en",
    "updated": 0
  },
  {
    "id": "04c2fa8a-3e4d-43d0-b0d1-9a7dc7a09f4c",
    "data": [
      {
        "text": "create an array with zeros",
        "userDefined": false
      }
    ],
    "isTemplate": false,
    "count": 1,
    "lang": "en",
    "updated": 0
  }
]