[
  {
    "id": "0d05b29f-9619-486b-bbda-a1641fc52e5b",
    "data": [
      {
        "text": "array filled with ones",
        "userDefined": false
      }
    ],
    "isTemplate": false,
    "count": 0,
    "lang": "en",
    "updated": 0
  },
  {
    "id": "68f7395b-d8b1-4a67-a807-bb5a75c2f116",
    "data": [
      {
        "text": "array with ones",
        "userDefined": false
      }
    ],
    "isTemplate": false,
    "count": 0,
    "lang": "en",
    "updated": 0
  },
  {
    "id": "4cbd1481-c7ae-4f5f-b3d5-3630598741d1",
    "data": [
      {
        "text": "how to create an array with ones",
        "userDefined": false
      }
    ],
    "isTemplate": false,
    "count": 0,
    "lang": "en",
    "updated": 0
  },
  {
    "id": "0358af29-679a-4c98-9539-81eb7774489c",
    "data": [
      {
        "text": "create an array with ones",
        "userDefined": false
      }
    ],
    "isTemplate": false,
    "count": 0,
    "lang": "en",
    "updated": 0
  }
]