[
  {
    "id": "e2169eef-aa43-4312-b5f7-7d09ab8c58f7",
    "data": [
      {
        "text": "array conversion",
        "userDefined": false
      }
    ],
    "isTemplate": false,
    "count": 0,
    "lang": "en",
    "updated": 0
  },
  {
    "id": "fad9f269-09d4-4a94-b376-61d5c18ccb7a",
    "data": [
      {
        "text": "one dimensional array to ",
        "userDefined": false
      },
      {
        "text": "two",
        "meta": "@sys.number",
        "alias": "number",
        "userDefined": false
      },
      {
        "text": " dimensional array",
        "userDefined": false
      }
    ],
    "isTemplate": false,
    "count": 0,
    "lang": "en",
    "updated": 0
  },
  {
    "id": "34107191-c77d-486c-96bc-879b49abf99e",
    "data": [
      {
        "text": "conversion of one-d array to two-d array",
        "userDefined": false
      }
    ],
    "isTemplate": false,
    "count": 0,
    "lang": "en",
    "updated": 0
  },
  {
    "id": "010587f8-8d5f-4a15-8542-654160e1e8b8",
    "data": [
      {
        "text": "how to convert 1d-array to 2 d-array",
        "userDefined": false
      }
    ],
    "isTemplate": false,
    "count": 0,
    "lang": "en",
    "updated": 0
  }
]