[
  {
    "id": "51665ac5-f532-4cd9-8401-d6a70d338c2c",
    "data": [
      {
        "text": "linearly specified interval array",
        "userDefined": false
      }
    ],
    "isTemplate": false,
    "count": 0,
    "lang": "en",
    "updated": 0
  },
  {
    "id": "be0f66a1-8146-4891-bc0d-8d6a525a8b4c",
    "data": [
      {
        "text": "array with spaced linearly in a specified interval",
        "userDefined": false
      }
    ],
    "isTemplate": false,
    "count": 0,
    "lang": "en",
    "updated": 0
  },
  {
    "id": "dca9eab7-5c72-436b-b5be-a710a80fd858",
    "data": [
      {
        "text": "array with linspace",
        "userDefined": false
      }
    ],
    "isTemplate": false,
    "count": 0,
    "lang": "en",
    "updated": 0
  },
  {
    "id": "a8c889ca-9d54-4b13-a4ff-40b5b1a99441",
    "data": [
      {
        "text": "create an array with values that are spaced linearly in a specified interval",
        "userDefined": false
      }
    ],
    "isTemplate": false,
    "count": 0,
    "lang": "en",
    "updated": 0
  },
  {
    "id": "b740f572-db23-491d-ac4f-b5cf50fac941",
    "data": [
      {
        "text": "linspace array",
        "userDefined": false
      }
    ],
    "isTemplate": false,
    "count": 0,
    "lang": "en",
    "updated": 0
  }
]