[
  {
    "id": "78262613-5fd3-4479-928e-f5e245111883",
    "data": [
      {
        "text": "array with range of spicified intervals",
        "userDefined": false
      }
    ],
    "isTemplate": false,
    "count": 0,
    "lang": "en",
    "updated": 0
  },
  {
    "id": "d18a220d-d341-4a72-b265-5054f09e6fa0",
    "data": [
      {
        "text": "array that contains a range of evenly spaced intervals",
        "userDefined": false
      }
    ],
    "isTemplate": false,
    "count": 0,
    "lang": "en",
    "updated": 0
  }
]