[
  {
    "id": "6ba01b61-fc64-4076-ace5-b34f73605dbe",
    "data": [
      {
        "text": "what is an attribute of an array",
        "userDefined": false
      }
    ],
    "isTemplate": false,
    "count": 0,
    "lang": "en",
    "updated": 0
  },
  {
    "id": "e73c7b67-d6e4-4b02-84e8-bfc1dc2d643a",
    "data": [
      {
        "text": "array attributes",
        "userDefined": false
      }
    ],
    "isTemplate": false,
    "count": 0,
    "lang": "en",
    "updated": 0
  },
  {
    "id": "ad954dea-b73e-4750-8519-f8bcf10f7d94",
    "data": [
      {
        "text": "attribute of an array",
        "userDefined": false
      }
    ],
    "isTemplate": false,
    "count": 0,
    "lang": "en",
    "updated": 0
  },
  {
    "id": "c7875336-b4a7-4d71-a033-507f88d52972",
    "data": [
      {
        "text": "What are the attributes of an array",
        "userDefined": false
      }
    ],
    "isTemplate": false,
    "count": 0,
    "lang": "en",
    "updated": 0
  }
]