[
  {
    "id": "9e04a87b-c5da-4fd1-b6b5-6245609c81d6",
    "data": [
      {
        "text": "datascience benefits",
        "userDefined": false
      }
    ],
    "isTemplate": false,
    "count": 0,
    "lang": "en",
    "updated": 0
  },
  {
    "id": "a1ad1f71-85d0-4d1f-a3c4-3fa46d1870e6",
    "data": [
      {
        "text": "advantages of datascience",
        "userDefined": false
      }
    ],
    "isTemplate": false,
    "count": 0,
    "lang": "en",
    "updated": 0
  },
  {
    "id": "fcb899cf-9faf-4900-b59e-6804f5919e7e",
    "data": [
      {
        "text": "benefits of datascience",
        "userDefined": false
      }
    ],
    "isTemplate": false,
    "count": 0,
    "lang": "en",
    "updated": 0
  }
]