[
  {
    "id": "e830e454-b00a-4de0-b719-4b2311247d38",
    "data": [
      {
        "text": "datatype with two built in values",
        "userDefined": false
      }
    ],
    "isTemplate": false,
    "count": 0,
    "lang": "en",
    "updated": 0
  },
  {
    "id": "20ec3995-64f5-421a-bb5a-def8fcf69347",
    "data": [
      {
        "text": "True False datatype",
        "userDefined": false
      }
    ],
    "isTemplate": false,
    "count": 0,
    "lang": "en",
    "updated": 0
  },
  {
    "id": "ff9df67d-fc02-418f-84cf-f566538e325b",
    "data": [
      {
        "text": "boolean datatype",
        "userDefined": false
      }
    ],
    "isTemplate": false,
    "count": 0,
    "lang": "en",
    "updated": 0
  },
  {
    "id": "721a5754-6782-4434-aa68-4e4720b5ca25",
    "data": [
      {
        "text": "bool datatype",
        "userDefined": false
      }
    ],
    "isTemplate": false,
    "count": 0,
    "lang": "en",
    "updated": 0
  },
  {
    "id": "0a02c0d7-dc08-4671-8aaa-6398400453a5",
    "data": [
      {
        "text": "what is boolean datatype",
        "userDefined": false
      }
    ],
    "isTemplate": false,
    "count": 0,
    "lang": "en",
    "updated": 0
  }
]