[
  {
    "id": "9f9a3dd1-10d5-4e1b-a454-4d70a3aa7837",
    "data": [
      {
        "text": "challenges faced by datascientist",
        "userDefined": false
      }
    ],
    "isTemplate": false,
    "count": 0,
    "lang": "en",
    "updated": 0
  },
  {
    "id": "477f0210-962f-469e-b835-9c1ecf3e204d",
    "data": [
      {
        "text": "datascientist challenges",
        "userDefined": false
      }
    ],
    "isTemplate": false,
    "count": 0,
    "lang": "en",
    "updated": 0
  },
  {
    "id": "376b6292-3598-4a42-82e0-dbdd202b4336",
    "data": [
      {
        "text": "challenges of datascientist",
        "userDefined": false
      }
    ],
    "isTemplate": false,
    "count": 0,
    "lang": "en",
    "updated": 0
  },
  {
    "id": "76c2fb2b-9e4d-469e-a12e-30db57306f2e",
    "data": [
      {
        "text": "What are the challenges faced by data scientists",
        "userDefined": false
      }
    ],
    "isTemplate": false,
    "count": 0,
    "lang": "en",
    "updated": 0
  }
]