[
  {
    "id": "b64cc8bc-bead-4c59-abac-1edf53af9dd8",
    "data": [
      {
        "text": "what is classification in machine learning",
        "userDefined": false
      }
    ],
    "isTemplate": false,
    "count": 0,
    "lang": "en",
    "updated": 0
  },
  {
    "id": "b93f2875-e8d0-4136-97cf-e21485326393",
    "data": [
      {
        "text": "classification",
        "userDefined": false
      }
    ],
    "isTemplate": false,
    "count": 0,
    "lang": "en",
    "updated": 0
  },
  {
    "id": "a99a5c4b-ae29-4896-862a-abbb058d01e2",
    "data": [
      {
        "text": "what is classifictaion",
        "userDefined": false
      }
    ],
    "isTemplate": false,
    "count": 0,
    "lang": "en",
    "updated": 0
  }
]