[
  {
    "id": "3ed0c549-578e-4b98-b47b-4d05edebf6dc",
    "data": [
      {
        "text": "complex datatype",
        "userDefined": false
      }
    ],
    "isTemplate": false,
    "count": 0,
    "lang": "en",
    "updated": 0
  },
  {
    "id": "92094a66-9590-4b05-8aff-e3776ababbf1",
    "data": [
      {
        "text": "datatype complex",
        "userDefined": false
      }
    ],
    "isTemplate": false,
    "count": 0,
    "lang": "en",
    "updated": 0
  },
  {
    "id": "498cfd47-6f6d-49a9-a56c-f60000fb58fb",
    "data": [
      {
        "text": "what is complex datatype",
        "userDefined": false
      }
    ],
    "isTemplate": false,
    "count": 0,
    "lang": "en",
    "updated": 0
  }
]