[
  {
    "id": "d3288e6d-3209-4618-b493-9398ee56d861",
    "data": [
      {
        "text": "compare datascience with other fields",
        "userDefined": false
      }
    ],
    "isTemplate": false,
    "count": 0,
    "lang": "en",
    "updated": 0
  },
  {
    "id": "1ed3a32e-be5a-4bed-aa03-edfcc6a7acd8",
    "data": [
      {
        "text": "What is the difference between data science and statistics",
        "userDefined": false
      }
    ],
    "isTemplate": false,
    "count": 0,
    "lang": "en",
    "updated": 0
  },
  {
    "id": "0ab7747c-04bc-483c-bc12-f33a0e627e26",
    "data": [
      {
        "text": "What is the difference between data science and machine learning",
        "userDefined": false
      }
    ],
    "isTemplate": false,
    "count": 0,
    "lang": "en",
    "updated": 0
  },
  {
    "id": "521463e5-fcf0-4e5f-a14b-ee292eaded5b",
    "data": [
      {
        "text": "What is the difference between data science and data engineering",
        "userDefined": false
      }
    ],
    "isTemplate": false,
    "count": 0,
    "lang": "en",
    "updated": 0
  },
  {
    "id": "add71b24-f762-4e50-8399-b5676b9957b5",
    "data": [
      {
        "text": "What is the difference between data science and business analytics",
        "userDefined": false
      }
    ],
    "isTemplate": false,
    "count": 0,
    "lang": "en",
    "updated": 0
  },
  {
    "id": "c2337cb5-c57c-4ec6-bb1c-ec2a582cfb99",
    "data": [
      {
        "text": "What is the difference between data science and data analytics",
        "userDefined": false
      }
    ],
    "isTemplate": false,
    "count": 0,
    "lang": "en",
    "updated": 0
  },
  {
    "id": "011ebf40-9b5d-4f69-81ca-8aca33e4250b",
    "data": [
      {
        "text": "How does data science compare to other related data fields",
        "userDefined": false
      }
    ],
    "isTemplate": false,
    "count": 0,
    "lang": "en",
    "updated": 0
  }
]