[
  {
    "id": "76bf3d28-4289-440b-9fb5-377867c454ce",
    "data": [
      {
        "text": "creation of an array",
        "userDefined": false
      }
    ],
    "isTemplate": false,
    "count": 0,
    "lang": "en",
    "updated": 0
  },
  {
    "id": "7ca107b3-a6ee-4b4e-ab22-3d964838178b",
    "data": [
      {
        "text": "array creation",
        "userDefined": false
      }
    ],
    "isTemplate": false,
    "count": 0,
    "lang": "en",
    "updated": 0
  },
  {
    "id": "b9c39634-c248-4fef-8d8c-b7df343eff44",
    "data": [
      {
        "text": "how to create array",
        "userDefined": false
      }
    ],
    "isTemplate": false,
    "count": 0,
    "lang": "en",
    "updated": 0
  }
]