[
  {
    "id": "b331b734-a3f4-49c1-82fb-4d4186d206ef",
    "data": [
      {
        "text": "array creation",
        "userDefined": false
      }
    ],
    "isTemplate": false,
    "count": 0,
    "lang": "en",
    "updated": 0
  },
  {
    "id": "472ed602-1484-4476-8eb5-967f007e047a",
    "data": [
      {
        "text": "how to create an array",
        "userDefined": false
      }
    ],
    "isTemplate": false,
    "count": 0,
    "lang": "en",
    "updated": 0
  },
  {
    "id": "60fc1a66-032c-43c5-8256-6fd0446f736c",
    "data": [
      {
        "text": "basic creation of an array",
        "userDefined": false
      }
    ],
    "isTemplate": false,
    "count": 0,
    "lang": "en",
    "updated": 0
  }
]