[
  {
    "id": "507f0bf4-0bc1-413a-a5a5-76fdd7d0dc71",
    "data": [
      {
        "text": "what is a tool in datascience",
        "userDefined": false
      }
    ],
    "isTemplate": false,
    "count": 0,
    "lang": "en",
    "updated": 0
  },
  {
    "id": "d33608b1-a265-4722-b624-9a17461e772e",
    "data": [
      {
        "text": "tools in datascience",
        "userDefined": false
      }
    ],
    "isTemplate": false,
    "count": 0,
    "lang": "en",
    "updated": 0
  },
  {
    "id": "c694bfd7-e004-4db7-b9eb-da49b4e7904c",
    "data": [
      {
        "text": "tools of datascience",
        "userDefined": false
      }
    ],
    "isTemplate": false,
    "count": 0,
    "lang": "en",
    "updated": 0
  },
  {
    "id": "68285b31-381b-4f1c-b814-42fda0c91e5f",
    "data": [
      {
        "text": "datascience tools",
        "userDefined": false
      }
    ],
    "isTemplate": false,
    "count": 0,
    "lang": "en",
    "updated": 0
  },
  {
    "id": "cb27617c-5bae-41f1-9fb2-845b77801760",
    "data": [
      {
        "text": "different tools of datascience",
        "userDefined": false
      }
    ],
    "isTemplate": false,
    "count": 0,
    "lang": "en",
    "updated": 0
  },
  {
    "id": "8aad85b9-ca92-4918-b773-00124f9663bf",
    "data": [
      {
        "text": "What are different data science tools",
        "userDefined": false
      }
    ],
    "isTemplate": false,
    "count": 0,
    "lang": "en",
    "updated": 0
  }
]