[
  {
    "id": "21fd6ea1-0778-4424-995c-bfcb8b0f4b08",
    "data": [
      {
        "text": "ten libraries of python",
        "userDefined": false
      }
    ],
    "isTemplate": false,
    "count": 0,
    "lang": "en",
    "updated": 0
  },
  {
    "id": "087b4e72-93e7-4be2-8e62-680f1290e6f8",
    "data": [
      {
        "text": "top ",
        "userDefined": false
      },
      {
        "text": "ten",
        "meta": "@sys.number",
        "alias": "number",
        "userDefined": false
      },
      {
        "text": " libraries of python",
        "userDefined": false
      }
    ],
    "isTemplate": false,
    "count": 0,
    "lang": "en",
    "updated": 0
  },
  {
    "id": "839ace66-ca6a-42bc-ba41-ec55714ac286",
    "data": [
      {
        "text": "python libraries used in datascience",
        "userDefined": false
      }
    ],
    "isTemplate": false,
    "count": 0,
    "lang": "en",
    "updated": 0
  },
  {
    "id": "70d74092-274f-4a44-8a4f-f382c7d18393",
    "data": [
      {
        "text": "major libraries of datascience in python",
        "userDefined": false
      }
    ],
    "isTemplate": false,
    "count": 0,
    "lang": "en",
    "updated": 0
  },
  {
    "id": "54582db4-bbb1-48e8-9da9-dc8e53d5be7e",
    "data": [
      {
        "text": "important libraries in python",
        "userDefined": false
      }
    ],
    "isTemplate": false,
    "count": 0,
    "lang": "en",
    "updated": 0
  },
  {
    "id": "399523aa-3a71-4734-9565-e64269b7472a",
    "data": [
      {
        "text": "libraries of python",
        "userDefined": false
      }
    ],
    "isTemplate": false,
    "count": 0,
    "lang": "en",
    "updated": 0
  },
  {
    "id": "dc76ccd9-8d09-4525-abd6-42424ee38479",
    "data": [
      {
        "text": "datascience libraries",
        "userDefined": false
      }
    ],
    "isTemplate": false,
    "count": 0,
    "lang": "en",
    "updated": 0
  },
  {
    "id": "6961b735-2849-4f13-9925-f0b2909a54e7",
    "data": [
      {
        "text": "libraries of python in datascience",
        "userDefined": false
      }
    ],
    "isTemplate": false,
    "count": 1,
    "lang": "en",
    "updated": 0
  },
  {
    "id": "e7b2fcb2-615a-44e9-959f-78f9776e8785",
    "data": [
      {
        "text": "what are the libraries",
        "userDefined": false
      }
    ],
    "isTemplate": false,
    "count": 0,
    "lang": "en",
    "updated": 0
  }
]