[
  {
    "id": "60ea101c-72d1-4d25-9145-6f4d2de945c3",
    "data": [
      {
        "text": "python datatable is called",
        "userDefined": false
      }
    ],
    "isTemplate": false,
    "count": 0,
    "lang": "en",
    "updated": 0
  },
  {
    "id": "711127af-4296-4594-8905-ffc12f5c3c10",
    "data": [
      {
        "text": "datatable in python is called",
        "userDefined": false
      }
    ],
    "isTemplate": false,
    "count": 0,
    "lang": "en",
    "updated": 0
  },
  {
    "id": "c857f4cf-284f-42e5-a009-cca61a976a6f",
    "data": [
      {
        "text": "python dataframe",
        "userDefined": false
      }
    ],
    "isTemplate": false,
    "count": 0,
    "lang": "en",
    "updated": 0
  },
  {
    "id": "1cb514a3-17ae-41d7-a0c8-1b6fe7566968",
    "data": [
      {
        "text": "what is pandas dataframe",
        "userDefined": false
      }
    ],
    "isTemplate": false,
    "count": 0,
    "lang": "en",
    "updated": 0
  },
  {
    "id": "86de4b9c-abeb-4974-978a-4d435a514992",
    "data": [
      {
        "text": "dataframe",
        "userDefined": false
      }
    ],
    "isTemplate": false,
    "count": 0,
    "lang": "en",
    "updated": 0
  },
  {
    "id": "fe015bb8-3d75-4f09-9daa-5c9a6699ae69",
    "data": [
      {
        "text": "what is dataframe",
        "userDefined": false
      }
    ],
    "isTemplate": false,
    "count": 0,
    "lang": "en",
    "updated": 0
  }
]