[
  {
    "id": "379d1bce-2587-481b-95ca-8ce1431a1fe3",
    "data": [
      {
        "text": "datascince and datanalytics",
        "userDefined": false
      }
    ],
    "isTemplate": false,
    "count": 0,
    "lang": "en",
    "updated": 0
  },
  {
    "id": "e72c433f-bd19-4b17-a83c-343e2143652e",
    "data": [
      {
        "text": "DA vs Ds",
        "userDefined": false
      }
    ],
    "isTemplate": false,
    "count": 0,
    "lang": "en",
    "updated": 0
  },
  {
    "id": "2caaa909-b7a1-42f8-a0b0-c1a69bc6d010",
    "data": [
      {
        "text": "DS vs DA",
        "userDefined": false
      }
    ],
    "isTemplate": false,
    "count": 0,
    "lang": "en",
    "updated": 0
  },
  {
    "id": "b8232d44-91b1-40c6-82c6-3b6ac0a2fc44",
    "data": [
      {
        "text": "DS versus DA",
        "userDefined": false
      }
    ],
    "isTemplate": false,
    "count": 0,
    "lang": "en",
    "updated": 0
  },
  {
    "id": "1caf05c1-8f20-4a05-ab7f-08d89c3f8bc7",
    "data": [
      {
        "text": "dataanalytics and datascience",
        "userDefined": false
      }
    ],
    "isTemplate": false,
    "count": 0,
    "lang": "en",
    "updated": 0
  },
  {
    "id": "f524f8d2-31f5-4972-b32e-cc970880a959",
    "data": [
      {
        "text": "difference between dataanalytics and datascience",
        "userDefined": false
      }
    ],
    "isTemplate": false,
    "count": 0,
    "lang": "en",
    "updated": 0
  },
  {
    "id": "7dc8b94e-b6f0-4a2a-ab94-155f2899c06c",
    "data": [
      {
        "text": "difference between datascience and dataanalytics",
        "userDefined": false
      }
    ],
    "isTemplate": false,
    "count": 0,
    "lang": "en",
    "updated": 0
  },
  {
    "id": "4632c124-8b7b-4ce8-999e-4d1afe6c6c3e",
    "data": [
      {
        "text": "diff between datascience and dataanalytics",
        "userDefined": false
      }
    ],
    "isTemplate": false,
    "count": 0,
    "lang": "en",
    "updated": 0
  }
]