[
  {
    "id": "a9a493e0-4725-4980-8f20-7a64ed2756fb",
    "data": [
      {
        "text": "about data science",
        "userDefined": false
      }
    ],
    "isTemplate": false,
    "count": 0,
    "lang": "en",
    "updated": 0
  },
  {
    "id": "e92d6c30-8508-47d3-81a5-265b738e2e5b",
    "data": [
      {
        "text": "describe data science",
        "userDefined": false
      }
    ],
    "isTemplate": false,
    "count": 0,
    "lang": "en",
    "updated": 0
  },
  {
    "id": "eb240109-7e3b-48d7-bcbe-ae86b48c710d",
    "data": [
      {
        "text": "define data sciecnce",
        "userDefined": false
      }
    ],
    "isTemplate": false,
    "count": 0,
    "lang": "en",
    "updated": 0
  },
  {
    "id": "9ee1965c-5214-4c7e-835e-ef9097d041a5",
    "data": [
      {
        "text": "data science",
        "userDefined": false
      }
    ],
    "isTemplate": false,
    "count": 0,
    "lang": "en",
    "updated": 0
  },
  {
    "id": "370faefb-cb6d-499d-848f-157f13f5fccd",
    "data": [
      {
        "text": "what is data science",
        "userDefined": false
      }
    ],
    "isTemplate": false,
    "count": 0,
    "lang": "en",
    "updated": 0
  }
]