[
  {
    "id": "c9ff0d28-edd1-4fff-9680-56f38d67a75e",
    "data": [
      {
        "text": "datascience vs dataengineering",
        "userDefined": false
      }
    ],
    "isTemplate": false,
    "count": 0,
    "lang": "en",
    "updated": 0
  },
  {
    "id": "14c227f3-eb8b-4776-9d37-234c54e9743d",
    "data": [
      {
        "text": "dataengineering vs datascience",
        "userDefined": false
      }
    ],
    "isTemplate": false,
    "count": 0,
    "lang": "en",
    "updated": 0
  },
  {
    "id": "61e1117e-5cc0-4301-b8ed-0533a6f7ef30",
    "data": [
      {
        "text": "dataengineering and datascience",
        "userDefined": false
      }
    ],
    "isTemplate": false,
    "count": 0,
    "lang": "en",
    "updated": 0
  },
  {
    "id": "398ee77b-dc45-485c-afc4-9f18e36e42f6",
    "data": [
      {
        "text": "difference between  data engineering and datascience",
        "userDefined": false
      }
    ],
    "isTemplate": false,
    "count": 0,
    "lang": "en",
    "updated": 0
  },
  {
    "id": "20fe26c4-bec6-473c-9e95-b147175119f7",
    "data": [
      {
        "text": "difference between data science and data engineering",
        "userDefined": false
      }
    ],
    "isTemplate": false,
    "count": 0,
    "lang": "en",
    "updated": 0
  }
]