[
  {
    "id": "722b018c-0572-4411-b208-a34a33b2a6f2",
    "data": [
      {
        "text": "steps to follow datascience",
        "userDefined": false
      }
    ],
    "isTemplate": false,
    "count": 0,
    "lang": "en",
    "updated": 0
  },
  {
    "id": "3af1312a-41cc-447c-b012-697150b404dc",
    "data": [
      {
        "text": "what process data science will follow",
        "userDefined": false
      }
    ],
    "isTemplate": false,
    "count": 0,
    "lang": "en",
    "updated": 0
  },
  {
    "id": "6bd9fe99-f5e7-4e3b-9cb5-daa1a7eb68fe",
    "data": [
      {
        "text": "data science process",
        "userDefined": false
      }
    ],
    "isTemplate": false,
    "count": 0,
    "lang": "en",
    "updated": 0
  },
  {
    "id": "f5308bfb-8d6e-4277-bb0b-b865c0feec17",
    "data": [
      {
        "text": "what is the process of datascience",
        "userDefined": false
      }
    ],
    "isTemplate": false,
    "count": 0,
    "lang": "en",
    "updated": 0
  }
]