[
  {
    "id": "dea9cb25-410e-43d8-b5b9-96119ddd9407",
    "data": [
      {
        "text": "machine learning versus datascience",
        "userDefined": false
      }
    ],
    "isTemplate": false,
    "count": 0,
    "lang": "en",
    "updated": 0
  },
  {
    "id": "8309b2db-b6c9-4108-bd11-27506a231bf0",
    "data": [
      {
        "text": "ds vs ml",
        "userDefined": false
      }
    ],
    "isTemplate": false,
    "count": 0,
    "lang": "en",
    "updated": 0
  },
  {
    "id": "a1bbc070-6425-4447-83ca-c30bd414e271",
    "data": [
      {
        "text": "ml VS ds",
        "userDefined": false
      }
    ],
    "isTemplate": false,
    "count": 0,
    "lang": "en",
    "updated": 0
  }
]