[
  {
    "id": "e9d8b06e-8bdf-4bb0-81a4-d726270bbf6b",
    "data": [
      {
        "text": "machine learning and dataceince",
        "userDefined": false
      }
    ],
    "isTemplate": false,
    "count": 0,
    "lang": "en",
    "updated": 0
  },
  {
    "id": "2387f55a-dbf0-4da8-a157-a1dfe14155e9",
    "data": [
      {
        "text": "ML vs DS",
        "userDefined": false
      }
    ],
    "isTemplate": false,
    "count": 0,
    "lang": "en",
    "updated": 0
  },
  {
    "id": "2c79224f-a68c-40af-b7fa-6bcb895c86bc",
    "data": [
      {
        "text": "DS vs ML",
        "userDefined": false
      }
    ],
    "isTemplate": false,
    "count": 0,
    "lang": "en",
    "updated": 0
  },
  {
    "id": "03f82b52-aed4-4dc5-bc8c-21f812177d5e",
    "data": [
      {
        "text": "what is the difference between datascience and machine learning",
        "userDefined": false
      }
    ],
    "isTemplate": false,
    "count": 0,
    "lang": "en",
    "updated": 0
  },
  {
    "id": "d5f14e37-6c9c-4081-9032-f52fad1d9169",
    "data": [
      {
        "text": "datascience and machine learning",
        "userDefined": false
      }
    ],
    "isTemplate": false,
    "count": 0,
    "lang": "en",
    "updated": 0
  },
  {
    "id": "e482f7b6-0317-4f6d-a2a9-3c59cc51e3b9",
    "data": [
      {
        "text": "Difference between data science and machine learning",
        "userDefined": false
      }
    ],
    "isTemplate": false,
    "count": 0,
    "lang": "en",
    "updated": 0
  }
]