[
  {
    "id": "d246856a-3f80-466f-a24d-a289897df3d0",
    "data": [
      {
        "text": "DS vs statistics",
        "userDefined": false
      }
    ],
    "isTemplate": false,
    "count": 0,
    "lang": "en",
    "updated": 0
  },
  {
    "id": "bf9888eb-fa45-4ca0-a811-fecfb1e9b40a",
    "data": [
      {
        "text": "difference between statistics and datascience",
        "userDefined": false
      }
    ],
    "isTemplate": false,
    "count": 0,
    "lang": "en",
    "updated": 0
  },
  {
    "id": "fffdcf55-98a5-485f-94f2-ddbda821476e",
    "data": [
      {
        "text": "datascience and statisticcs",
        "userDefined": false
      }
    ],
    "isTemplate": false,
    "count": 0,
    "lang": "en",
    "updated": 0
  },
  {
    "id": "8a31eef6-5c68-48f2-9c55-c9e123d1a8c2",
    "data": [
      {
        "text": "Difference between data science and statistics",
        "userDefined": false
      }
    ],
    "isTemplate": false,
    "count": 0,
    "lang": "en",
    "updated": 0
  }
]