[
  {
    "id": "51080b3e-224d-4e36-8fdb-9a1c4ae047ca",
    "data": [
      {
        "text": "datamining vs neural network",
        "userDefined": false
      }
    ],
    "isTemplate": false,
    "count": 0,
    "lang": "en",
    "updated": 0
  },
  {
    "id": "5c0a2e20-3c98-4e2f-a7c4-d1ed39e7725f",
    "data": [
      {
        "text": "neural network vs datamining",
        "userDefined": false
      }
    ],
    "isTemplate": false,
    "count": 0,
    "lang": "en",
    "updated": 0
  }
]