[
  {
    "id": "4f7ce935-552e-44b5-8bdf-17de9a3acdbc",
    "data": [
      {
        "text": "usages of data science",
        "userDefined": false
      }
    ],
    "isTemplate": false,
    "count": 0,
    "lang": "en",
    "updated": 0
  },
  {
    "id": "fcfac3f0-34cb-4e24-967e-bde2dc475570",
    "data": [
      {
        "text": "data science usage",
        "userDefined": false
      }
    ],
    "isTemplate": false,
    "count": 0,
    "lang": "en",
    "updated": 0
  },
  {
    "id": "a0e979fb-c30c-4102-a1b0-464d0282c9bb",
    "data": [
      {
        "text": "what data science used for",
        "userDefined": false
      }
    ],
    "isTemplate": false,
    "count": 0,
    "lang": "en",
    "updated": 0
  }
]