[
  {
    "id": "72052aaa-33cd-468b-a577-d98e7f2c08c1",
    "data": [
      {
        "text": "Difference between  business analytics and datascience",
        "userDefined": false
      }
    ],
    "isTemplate": false,
    "count": 0,
    "lang": "en",
    "updated": 0
  },
  {
    "id": "b6c38c99-b293-4091-934c-1da0031d446c",
    "data": [
      {
        "text": "business analytics vs datascience",
        "userDefined": false
      }
    ],
    "isTemplate": false,
    "count": 0,
    "lang": "en",
    "updated": 0
  },
  {
    "id": "ee762807-9784-414b-a799-e733275cd8b9",
    "data": [
      {
        "text": "datascience vs business analytics",
        "userDefined": false
      }
    ],
    "isTemplate": false,
    "count": 0,
    "lang": "en",
    "updated": 0
  },
  {
    "id": "a4d8ba86-f274-43b8-ad70-018d44e26047",
    "data": [
      {
        "text": "datascience and business analytics",
        "userDefined": false
      }
    ],
    "isTemplate": false,
    "count": 0,
    "lang": "en",
    "updated": 0
  },
  {
    "id": "d24b5a05-c6fc-4d43-9caa-c48e186b5236",
    "data": [
      {
        "text": "Difference between data science and business analytics",
        "userDefined": false
      }
    ],
    "isTemplate": false,
    "count": 0,
    "lang": "en",
    "updated": 0
  }
]