[
  {
    "id": "fdf70862-a226-48bc-873b-d20b8060fe0c",
    "data": [
      {
        "text": "machine learning algorithm decision tree",
        "userDefined": false
      }
    ],
    "isTemplate": false,
    "count": 0,
    "lang": "en",
    "updated": 0
  },
  {
    "id": "d5f848ca-b280-4739-892c-55f685467515",
    "data": [
      {
        "text": "what is decision tree algoritham in machine learning",
        "userDefined": false
      }
    ],
    "isTemplate": false,
    "count": 0,
    "lang": "en",
    "updated": 0
  },
  {
    "id": "b130d29f-ad45-4c04-817f-7c5f0a190814",
    "data": [
      {
        "text": "what is decision tree algoritham",
        "userDefined": false
      }
    ],
    "isTemplate": false,
    "count": 0,
    "lang": "en",
    "updated": 0
  },
  {
    "id": "06ea5774-167e-4108-ba6f-8bf0d7b4a568",
    "data": [
      {
        "text": "what is decision tree?",
        "userDefined": false
      }
    ],
    "isTemplate": false,
    "count": 0,
    "lang": "en",
    "updated": 0
  }
]