[
  {
    "id": "02625ba8-0385-485b-966c-13aec1262345",
    "data": [
      {
        "text": "key value pair data type",
        "userDefined": false
      }
    ],
    "isTemplate": false,
    "count": 0,
    "lang": "en",
    "updated": 0
  },
  {
    "id": "023201fb-3fb0-455b-bda3-60ce9fcfd52e",
    "data": [
      {
        "text": "what is dict datatype",
        "userDefined": false
      }
    ],
    "isTemplate": false,
    "count": 0,
    "lang": "en",
    "updated": 0
  },
  {
    "id": "b8a859ef-63ea-4763-aafe-d81b30f5be17",
    "data": [
      {
        "text": "dict datatype",
        "userDefined": false
      }
    ],
    "isTemplate": false,
    "count": 0,
    "lang": "en",
    "updated": 0
  },
  {
    "id": "3809286d-81a6-471d-87e3-09c72585abd8",
    "data": [
      {
        "text": "what is dictionary",
        "userDefined": false
      }
    ],
    "isTemplate": false,
    "count": 0,
    "lang": "en",
    "updated": 0
  }
]