[
  {
    "id": "a0f450b6-caec-428f-8f28-6f5dedd5d42d",
    "data": [
      {
        "text": "diff between ml and ai",
        "userDefined": false
      }
    ],
    "isTemplate": false,
    "count": 0,
    "lang": "en",
    "updated": 0
  },
  {
    "id": "c61c3ae4-b59e-4f19-968f-1ba19ced21bc",
    "data": [
      {
        "text": "diff between ai and ml",
        "userDefined": false
      }
    ],
    "isTemplate": false,
    "count": 0,
    "lang": "en",
    "updated": 0
  },
  {
    "id": "9f91ad64-ca35-4459-883e-ef3f383945fd",
    "data": [
      {
        "text": "what is the difference between artificial intelligence and machine learning",
        "userDefined": false
      }
    ],
    "isTemplate": false,
    "count": 0,
    "lang": "en",
    "updated": 0
  }
]