[
  {
    "id": "f5de9a43-7f9e-4196-ad66-84d90f6d6471",
    "data": [
      {
        "text": "complex technologies of datascience",
        "userDefined": false
      }
    ],
    "isTemplate": false,
    "count": 0,
    "lang": "en",
    "updated": 0
  },
  {
    "id": "dfee0a94-cdab-4ec2-be7d-b0b7f9de46fe",
    "data": [
      {
        "text": "technology of datascience",
        "userDefined": false
      }
    ],
    "isTemplate": false,
    "count": 0,
    "lang": "en",
    "updated": 0
  },
  {
    "id": "501a5225-ba4d-4185-8839-f82eb9e5ca4c",
    "data": [
      {
        "text": "technologies of datascience",
        "userDefined": false
      }
    ],
    "isTemplate": false,
    "count": 0,
    "lang": "en",
    "updated": 0
  },
  {
    "id": "95dd72a1-02b5-4485-af57-1cdef2efdaa8",
    "data": [
      {
        "text": "technologies related to datascience",
        "userDefined": false
      }
    ],
    "isTemplate": false,
    "count": 0,
    "lang": "en",
    "updated": 0
  },
  {
    "id": "6e392c28-1ef8-4c95-a74e-176b47eb9c72",
    "data": [
      {
        "text": "technology related to datascience",
        "userDefined": false
      }
    ],
    "isTemplate": false,
    "count": 0,
    "lang": "en",
    "updated": 0
  },
  {
    "id": "fb6392ba-12b8-421a-aa7b-0ed1f10b3e2a",
    "data": [
      {
        "text": "datascience technologies",
        "userDefined": false
      }
    ],
    "isTemplate": false,
    "count": 1,
    "lang": "en",
    "updated": 0
  },
  {
    "id": "17e0e936-7aff-4887-acf3-0ab61776f415",
    "data": [
      {
        "text": "different datascience technologies",
        "userDefined": false
      }
    ],
    "isTemplate": false,
    "count": 1,
    "lang": "en",
    "updated": 0
  }
]