[
  {
    "id": "433b7434-eea7-4ffc-9f65-93f62f1196ac",
    "data": [
      {
        "text": "dimensionality reduction",
        "userDefined": false
      }
    ],
    "isTemplate": false,
    "count": 0,
    "lang": "en",
    "updated": 0
  },
  {
    "id": "623393a4-f8da-40e1-a4e5-6321083bc0ff",
    "data": [
      {
        "text": "dimensionality reduction in machine learning",
        "userDefined": false
      }
    ],
    "isTemplate": false,
    "count": 0,
    "lang": "en",
    "updated": 0
  },
  {
    "id": "2e9b8f62-38b0-4c71-8f2d-eeddeaffd7d1",
    "data": [
      {
        "text": "what is dimensionality reduction",
        "userDefined": false
      }
    ],
    "isTemplate": false,
    "count": 0,
    "lang": "en",
    "updated": 0
  }
]