[
  {
    "id": "11037728-9718-462f-b889-8dfb9e59c893",
    "data": [
      {
        "text": "how to create an empty array with empty array",
        "userDefined": false
      }
    ],
    "isTemplate": false,
    "count": 0,
    "lang": "en",
    "updated": 0
  },
  {
    "id": "50df725b-2833-47e3-9e7d-31c0949c4ca2",
    "data": [
      {
        "text": "code for empty array",
        "userDefined": false
      }
    ],
    "isTemplate": false,
    "count": 0,
    "lang": "en",
    "updated": 0
  },
  {
    "id": "34e4eb98-e695-490b-b9bb-2592ef6e37bb",
    "data": [
      {
        "text": "empty array",
        "userDefined": false
      }
    ],
    "isTemplate": false,
    "count": 0,
    "lang": "en",
    "updated": 0
  },
  {
    "id": "8ab0ee43-95f1-443b-a167-b5804b834a12",
    "data": [
      {
        "text": "how to create an empty array",
        "userDefined": false
      }
    ],
    "isTemplate": false,
    "count": 0,
    "lang": "en",
    "updated": 0
  }
]