[
  {
    "id": "4aba1cab-f2d5-445a-9e95-4d6efe349dfb",
    "data": [
      {
        "text": "python features",
        "userDefined": false
      }
    ],
    "isTemplate": false,
    "count": 0,
    "lang": "en",
    "updated": 0
  },
  {
    "id": "2fbd3ef7-132f-402f-be8c-54bf995083b5",
    "data": [
      {
        "text": "useful features of python",
        "userDefined": false
      }
    ],
    "isTemplate": false,
    "count": 0,
    "lang": "en",
    "updated": 0
  },
  {
    "id": "90d4123a-1ecb-46c5-ae5b-7f1dc743c16a",
    "data": [
      {
        "text": "important features of python",
        "userDefined": false
      }
    ],
    "isTemplate": false,
    "count": 0,
    "lang": "en",
    "updated": 0
  },
  {
    "id": "3b53498d-3874-4723-8641-9805cad5ff90",
    "data": [
      {
        "text": "features of python",
        "userDefined": false
      }
    ],
    "isTemplate": false,
    "count": 0,
    "lang": "en",
    "updated": 0
  }
]