[
  {
    "id": "aeede561-f7ee-4b8d-9349-6c1b991d88ca",
    "data": [
      {
        "text": "datatype float",
        "userDefined": false
      }
    ],
    "isTemplate": false,
    "count": 0,
    "lang": "en",
    "updated": 0
  },
  {
    "id": "3ae031fc-f7b4-4c7c-bad2-afcfda8dc89a",
    "data": [
      {
        "text": "float datatype",
        "userDefined": false
      }
    ],
    "isTemplate": false,
    "count": 0,
    "lang": "en",
    "updated": 0
  },
  {
    "id": "627a7d6b-7452-44ad-925d-6377543c6d00",
    "data": [
      {
        "text": "what is a float datatype",
        "userDefined": false
      }
    ],
    "isTemplate": false,
    "count": 0,
    "lang": "en",
    "updated": 0
  }
]