[
  {
    "id": "e17ee309-5d08-4016-a35e-ba105f4e1802",
    "data": [
      {
        "text": "future of DS",
        "userDefined": false
      }
    ],
    "isTemplate": false,
    "count": 0,
    "lang": "en",
    "updated": 0
  },
  {
    "id": "7f1a9c51-451f-4d05-8b72-158f07562b75",
    "data": [
      {
        "text": "datascience future",
        "userDefined": false
      }
    ],
    "isTemplate": false,
    "count": 0,
    "lang": "en",
    "updated": 0
  },
  {
    "id": "16a2df4f-c6b5-4e22-9268-1a19303f82b7",
    "data": [
      {
        "text": "future of datascience",
        "userDefined": false
      }
    ],
    "isTemplate": false,
    "count": 0,
    "lang": "en",
    "updated": 0
  },
  {
    "id": "640bd2dd-48ba-4494-9ff1-f4c273e2cd14",
    "data": [
      {
        "text": "what is the future of datascience",
        "userDefined": false
      }
    ],
    "isTemplate": false,
    "count": 0,
    "lang": "en",
    "updated": 0
  }
]