[
  {
    "id": "b87ec1f7-477c-4e0e-80f7-335614ed22e5",
    "data": [
      {
        "text": "gradient descent in machine learning",
        "userDefined": false
      }
    ],
    "isTemplate": false,
    "count": 0,
    "lang": "en",
    "updated": 0
  },
  {
    "id": "63455b65-c239-4422-8ed7-03ed6cd6bdc7",
    "data": [
      {
        "text": "gradient descent algorithm",
        "userDefined": false
      }
    ],
    "isTemplate": false,
    "count": 0,
    "lang": "en",
    "updated": 0
  },
  {
    "id": "05911980-b7e2-4893-9d7d-e63fee31d72c",
    "data": [
      {
        "text": "what is gradient descent algorithm",
        "userDefined": false
      }
    ],
    "isTemplate": false,
    "count": 0,
    "lang": "en",
    "updated": 0
  }
]