[
  {
    "id": "1e72828f-7085-4820-a485-455275483fff",
    "data": [
      {
        "text": "history of datascience",
        "userDefined": false
      }
    ],
    "isTemplate": false,
    "count": 0,
    "lang": "en",
    "updated": 0
  },
  {
    "id": "9c6b94fa-6372-40ea-a05b-999fbdf385c9",
    "data": [
      {
        "text": "from when datascience came into picture",
        "userDefined": false
      }
    ],
    "isTemplate": false,
    "count": 0,
    "lang": "en",
    "updated": 0
  },
  {
    "id": "431cc306-6c11-4408-9c18-918054599a41",
    "data": [
      {
        "text": "datascience history",
        "userDefined": false
      }
    ],
    "isTemplate": false,
    "count": 0,
    "lang": "en",
    "updated": 0
  },
  {
    "id": "28830178-d438-47e4-b398-4cfd9e577555",
    "data": [
      {
        "text": "data science history",
        "userDefined": false
      }
    ],
    "isTemplate": false,
    "count": 0,
    "lang": "en",
    "updated": 0
  },
  {
    "id": "79f86820-37dd-44a1-a202-45cc524fc045",
    "data": [
      {
        "text": "history of data science",
        "userDefined": false
      }
    ],
    "isTemplate": false,
    "count": 0,
    "lang": "en",
    "updated": 0
  },
  {
    "id": "bd96171f-0e80-48a8-9802-5e16dbd2b853",
    "data": [
      {
        "text": "what is the history of data science",
        "userDefined": false
      }
    ],
    "isTemplate": false,
    "count": 0,
    "lang": "en",
    "updated": 0
  }
]