[
  {
    "id": "83691c8d-ca9a-4d4a-b2c6-2862ef0ede75",
    "data": [
      {
        "text": " how to convert datatype",
        "userDefined": false
      }
    ],
    "isTemplate": false,
    "count": 0,
    "lang": "en",
    "updated": 0
  },
  {
    "id": "4c1a32ce-d0ee-4b81-a00f-054e4bd3b17f",
    "data": [
      {
        "text": "conversion of pandas datatype",
        "userDefined": false
      }
    ],
    "isTemplate": false,
    "count": 0,
    "lang": "en",
    "updated": 0
  },
  {
    "id": "09ee57ef-807e-4e49-a858-6f82e94a0817",
    "data": [
      {
        "text": "pandas datatype conversion",
        "userDefined": false
      }
    ],
    "isTemplate": false,
    "count": 0,
    "lang": "en",
    "updated": 0
  },
  {
    "id": "15f23730-9b3d-4f2c-9d04-bb2849ddc24f",
    "data": [
      {
        "text": "datatype conversion in pandas",
        "userDefined": false
      }
    ],
    "isTemplate": false,
    "count": 0,
    "lang": "en",
    "updated": 0
  },
  {
    "id": "933d7dee-cca6-4f04-8fb1-e672f4955c20",
    "data": [
      {
        "text": "how to convert ",
        "userDefined": false
      },
      {
        "text": "one",
        "meta": "@sys.number",
        "alias": "number",
        "userDefined": false
      },
      {
        "text": " dtype to another",
        "userDefined": false
      }
    ],
    "isTemplate": false,
    "count": 0,
    "lang": "en",
    "updated": 0
  }
]