[
  {
    "id": "8bbb9c42-3a0e-4a9d-b858-77d18676dfc7",
    "data": [
      {
        "text": "scatter plot by using plotly",
        "userDefined": false
      }
    ],
    "isTemplate": false,
    "count": 0,
    "lang": "en",
    "updated": 0
  },
  {
    "id": "c4b0e27b-baeb-48e9-9eb4-2c71729b522b",
    "data": [
      {
        "text": "How to create scatter plot by using plotly?",
        "userDefined": false
      }
    ],
    "isTemplate": false,
    "count": 0,
    "lang": "en",
    "updated": 0
  }
]