[
  {
    "id": "b26c19aa-83bc-41b2-a854-7d6e8ec37e75",
    "data": [
      {
        "text": "prerequisites to become a datascientist",
        "userDefined": false
      }
    ],
    "isTemplate": false,
    "count": 0,
    "lang": "en",
    "updated": 0
  },
  {
    "id": "e06df14b-0d58-4f11-b030-560a6de30c32",
    "data": [
      {
        "text": "education required to become a datascientist",
        "userDefined": false
      }
    ],
    "isTemplate": false,
    "count": 0,
    "lang": "en",
    "updated": 0
  },
  {
    "id": "33491f7a-ba5c-4756-8641-da6b4b69d3ac",
    "data": [
      {
        "text": "experience required to become a datascientist",
        "userDefined": false
      }
    ],
    "isTemplate": false,
    "count": 0,
    "lang": "en",
    "updated": 0
  },
  {
    "id": "f623abf7-425b-4de6-8ff6-c3caddf09f27",
    "data": [
      {
        "text": "qualification required to become a datascientist",
        "userDefined": false
      }
    ],
    "isTemplate": false,
    "count": 0,
    "lang": "en",
    "updated": 0
  },
  {
    "id": "9219028b-36d5-4950-9438-b33a46d9e012",
    "data": [
      {
        "text": "steps to become a datascienctist",
        "userDefined": false
      }
    ],
    "isTemplate": false,
    "count": 0,
    "lang": "en",
    "updated": 0
  },
  {
    "id": "24f09b93-4227-42c3-b8f6-cebd3c708c70",
    "data": [
      {
        "text": "How to become a data scientist",
        "userDefined": false
      }
    ],
    "isTemplate": false,
    "count": 0,
    "lang": "en",
    "updated": 0
  }
]