[
  {
    "id": "04348cfc-9b83-4b09-ab3b-1d9ce3d60d72",
    "data": [
      {
        "text": "check pandas data type",
        "userDefined": false
      }
    ],
    "isTemplate": false,
    "count": 0,
    "lang": "en",
    "updated": 0
  },
  {
    "id": "beef52ae-0504-4182-8c41-cb88aadd8161",
    "data": [
      {
        "text": "check pandas dtype",
        "userDefined": false
      }
    ],
    "isTemplate": false,
    "count": 0,
    "lang": "en",
    "updated": 0
  },
  {
    "id": "4b216ccb-ae33-4088-98dc-5f95f1c85d9b",
    "data": [
      {
        "text": "dtype of pandas",
        "userDefined": false
      }
    ],
    "isTemplate": false,
    "count": 0,
    "lang": "en",
    "updated": 0
  },
  {
    "id": "56d15dcd-a19b-4e6c-84f2-7259e51bc77f",
    "data": [
      {
        "text": "How Check the Data Type in pandas",
        "userDefined": false
      }
    ],
    "isTemplate": false,
    "count": 0,
    "lang": "en",
    "updated": 0
  }
]