[
  {
    "id": "fd79ec75-e1ec-4328-aafb-f4fc22435218",
    "data": [
      {
        "text": "plotting in matplotlib",
        "userDefined": false
      }
    ],
    "isTemplate": false,
    "count": 0,
    "lang": "en",
    "updated": 0
  },
  {
    "id": "fd2516b8-5cc3-4e61-ab3f-c6669b2cff9e",
    "data": [
      {
        "text": "create matplotlib plot",
        "userDefined": false
      }
    ],
    "isTemplate": false,
    "count": 0,
    "lang": "en",
    "updated": 0
  },
  {
    "id": "82cb89bf-f434-48b7-9207-cc54f6f13d40",
    "data": [
      {
        "text": "How to Create Matplotlib Plots",
        "userDefined": false
      }
    ],
    "isTemplate": false,
    "count": 0,
    "lang": "en",
    "updated": 0
  }
]