[
  {
    "id": "13215da0-56ca-4c88-89ce-0a22fcbbd68b",
    "data": [
      {
        "text": "numpy indexing and slicing",
        "userDefined": false
      }
    ],
    "isTemplate": false,
    "count": 0,
    "lang": "en",
    "updated": 0
  },
  {
    "id": "2731d530-01b1-4f74-90cf-78cd3cd64f78",
    "data": [
      {
        "text": "how to know indexing and slicing in numpy",
        "userDefined": false
      }
    ],
    "isTemplate": false,
    "count": 0,
    "lang": "en",
    "updated": 0
  },
  {
    "id": "20238375-5585-4031-a7ab-de938ec14223",
    "data": [
      {
        "text": "array indexing and slicing",
        "userDefined": false
      }
    ],
    "isTemplate": false,
    "count": 0,
    "lang": "en",
    "updated": 0
  }
]