[
  {
    "id": "c839f928-063b-4c79-90a3-a0969b440889",
    "data": [
      {
        "text": "int datatype",
        "userDefined": false
      }
    ],
    "isTemplate": false,
    "count": 0,
    "lang": "en",
    "updated": 0
  },
  {
    "id": "e61b461b-7794-457f-8d46-e7535ce58c7d",
    "data": [
      {
        "text": "python int datatype",
        "userDefined": false
      }
    ],
    "isTemplate": false,
    "count": 0,
    "lang": "en",
    "updated": 0
  },
  {
    "id": "a827176e-9012-41d3-9a26-6c35c79cf508",
    "data": [
      {
        "text": "what is integer datatype in python",
        "userDefined": false
      }
    ],
    "isTemplate": false,
    "count": 0,
    "lang": "en",
    "updated": 0
  },
  {
    "id": "c6665b63-9c5b-4c9a-8c12-c10d369eb68e",
    "data": [
      {
        "text": "what is int",
        "userDefined": false
      }
    ],
    "isTemplate": false,
    "count": 0,
    "lang": "en",
    "updated": 0
  }
]