[
  {
    "id": "7e78f295-a043-48fe-b468-2929425feae4",
    "data": [
      {
        "text": "unsupervised k-means algorithm",
        "userDefined": false
      }
    ],
    "isTemplate": false,
    "count": 0,
    "lang": "en",
    "updated": 0
  },
  {
    "id": "34cce026-54a3-4c84-8238-b4ecccc58009",
    "data": [
      {
        "text": "k means algorithm",
        "userDefined": false
      }
    ],
    "isTemplate": false,
    "count": 0,
    "lang": "en",
    "updated": 0
  },
  {
    "id": "986f5b5e-304a-4a88-b9d5-22412f266193",
    "data": [
      {
        "text": "what is k means algorithm",
        "userDefined": false
      }
    ],
    "isTemplate": false,
    "count": 0,
    "lang": "en",
    "updated": 0
  }
]