[
  {
    "id": "4287e992-3455-4d3c-b0ea-88db9467cddf",
    "data": [
      {
        "text": "supervised machine learing algorithm knn",
        "userDefined": false
      }
    ],
    "isTemplate": false,
    "count": 0,
    "lang": "en",
    "updated": 0
  },
  {
    "id": "377163f3-1146-485a-8664-68573e96eee0",
    "data": [
      {
        "text": "what is k-nearest neighbour",
        "userDefined": false
      }
    ],
    "isTemplate": false,
    "count": 0,
    "lang": "en",
    "updated": 0
  },
  {
    "id": "87a39310-5f17-4547-b19e-132a2ae4d1cc",
    "data": [
      {
        "text": "what is knn",
        "userDefined": false
      }
    ],
    "isTemplate": false,
    "count": 0,
    "lang": "en",
    "updated": 0
  }
]