[
  {
    "id": "be4afa77-8916-49f4-b0c5-790368cd447f",
    "data": [
      {
        "text": "what is linear regression in supervised machine learning",
        "userDefined": false
      }
    ],
    "isTemplate": false,
    "count": 0,
    "lang": "en",
    "updated": 0
  },
  {
    "id": "b60635d8-96c6-483c-829e-3f1b8adc17c5",
    "data": [
      {
        "text": "what is linear regression in machine learning",
        "userDefined": false
      }
    ],
    "isTemplate": false,
    "count": 0,
    "lang": "en",
    "updated": 0
  },
  {
    "id": "51dd266a-565b-48e3-862e-a12ee4c1a95f",
    "data": [
      {
        "text": "what is linear regression",
        "userDefined": false
      }
    ],
    "isTemplate": false,
    "count": 0,
    "lang": "en",
    "updated": 0
  },
  {
    "id": "cdbd08ed-8b8d-4482-8eb3-eb6c79c9a101",
    "data": [
      {
        "text": "linear regression",
        "userDefined": false
      }
    ],
    "isTemplate": false,
    "count": 0,
    "lang": "en",
    "updated": 0
  }
]