[
  {
    "id": "13de2f53-bf12-4a88-a41f-671bc36253a4",
    "data": [
      {
        "text": "what is a list datatype",
        "userDefined": false
      }
    ],
    "isTemplate": false,
    "count": 0,
    "lang": "en",
    "updated": 0
  },
  {
    "id": "dd265ea4-0463-4e97-b90a-65d4629ef890",
    "data": [
      {
        "text": "list python datatype",
        "userDefined": false
      }
    ],
    "isTemplate": false,
    "count": 0,
    "lang": "en",
    "updated": 0
  },
  {
    "id": "408e0895-b588-48de-9642-0bcf76fd6673",
    "data": [
      {
        "text": "list datatype",
        "userDefined": false
      }
    ],
    "isTemplate": false,
    "count": 0,
    "lang": "en",
    "updated": 0
  },
  {
    "id": "8bf85a21-fec3-4dd2-b243-2ab2e3f6838d",
    "data": [
      {
        "text": "list",
        "userDefined": false
      }
    ],
    "isTemplate": false,
    "count": 0,
    "lang": "en",
    "updated": 0
  },
  {
    "id": "3ccebc8e-2779-4c54-9633-bef2946d99f9",
    "data": [
      {
        "text": "list in python",
        "userDefined": false
      }
    ],
    "isTemplate": false,
    "count": 0,
    "lang": "en",
    "updated": 0
  },
  {
    "id": "91c5e2ec-e9ae-4b74-a175-be57565acefd",
    "data": [
      {
        "text": "what is a list",
        "userDefined": false
      }
    ],
    "isTemplate": false,
    "count": 0,
    "lang": "en",
    "updated": 0
  }
]