[
  {
    "id": "cfa2e7b8-154a-4a13-a63c-99e9ed405db1",
    "data": [
      {
        "text": "what is machine learning logistic regression",
        "userDefined": false
      }
    ],
    "isTemplate": false,
    "count": 0,
    "lang": "en",
    "updated": 0
  },
  {
    "id": "fe1c525f-eae2-48af-87c7-99ff141188fd",
    "data": [
      {
        "text": "machine learning logistic regression",
        "userDefined": false
      }
    ],
    "isTemplate": false,
    "count": 0,
    "lang": "en",
    "updated": 0
  },
  {
    "id": "16d5e2e0-44ba-4295-9b5b-34f625fb3f12",
    "data": [
      {
        "text": "logistic regression in machine learning",
        "userDefined": false
      }
    ],
    "isTemplate": false,
    "count": 0,
    "lang": "en",
    "updated": 0
  },
  {
    "id": "40761b7d-a832-402a-865d-95e9da999399",
    "data": [
      {
        "text": "logistic regression",
        "userDefined": false
      }
    ],
    "isTemplate": false,
    "count": 0,
    "lang": "en",
    "updated": 0
  },
  {
    "id": "a16ba47a-8370-446d-8cf9-1681d88a9d2c",
    "data": [
      {
        "text": "what is logistic regression",
        "userDefined": false
      }
    ],
    "isTemplate": false,
    "count": 0,
    "lang": "en",
    "updated": 0
  }
]