[
  {
    "id": "ad4eefec-e6e4-45cf-a0b5-29abcd599edb",
    "data": [
      {
        "text": "importance of machine learning",
        "userDefined": false
      }
    ],
    "isTemplate": false,
    "count": 0,
    "lang": "en",
    "updated": 0
  },
  {
    "id": "d6f91c80-786b-4c35-832a-fe06f125f8f6",
    "data": [
      {
        "text": "why machine learning important",
        "userDefined": false
      }
    ],
    "isTemplate": false,
    "count": 0,
    "lang": "en",
    "updated": 0
  },
  {
    "id": "cfa1ec68-9c05-4096-8d3d-c66898f4d180",
    "data": [
      {
        "text": "why machine learning important in datascience",
        "userDefined": false
      }
    ],
    "isTemplate": false,
    "count": 0,
    "lang": "en",
    "updated": 0
  },
  {
    "id": "1a9ab7f1-93c8-4f13-9a98-b6504601d162",
    "data": [
      {
        "text": "machine learning in datascience",
        "userDefined": false
      }
    ],
    "isTemplate": false,
    "count": 0,
    "lang": "en",
    "updated": 0
  },
  {
    "id": "53b15b4d-e940-49d5-91ad-f8063d65f31c",
    "data": [
      {
        "text": "machine  learning",
        "userDefined": false
      }
    ],
    "isTemplate": false,
    "count": 0,
    "lang": "en",
    "updated": 0
  },
  {
    "id": "b30a398c-443d-4b3c-aeb5-ef63fcaba4aa",
    "data": [
      {
        "text": "what is machine learning",
        "userDefined": false
      }
    ],
    "isTemplate": false,
    "count": 0,
    "lang": "en",
    "updated": 0
  }
]