[
  {
    "id": "74ff88a5-b4fe-4a6b-8515-10b26c418036",
    "data": [
      {
        "text": "how machine learning related to datasciene",
        "userDefined": false
      }
    ],
    "isTemplate": false,
    "count": 0,
    "lang": "en",
    "updated": 0
  },
  {
    "id": "2a2ed533-b5e2-41fb-90e6-509ed8e50058",
    "data": [
      {
        "text": "machine learining",
        "userDefined": false
      }
    ],
    "isTemplate": false,
    "count": 0,
    "lang": "en",
    "updated": 0
  },
  {
    "id": "ddeabe7d-a087-4274-8864-13486dbc162c",
    "data": [
      {
        "text": "machine learing in datascience",
        "userDefined": false
      }
    ],
    "isTemplate": false,
    "count": 0,
    "lang": "en",
    "updated": 0
  },
  {
    "id": "13a88deb-8f0e-425d-9bea-8c31c7fca2d2",
    "data": [
      {
        "text": "what is machinelearning",
        "userDefined": false
      }
    ],
    "isTemplate": false,
    "count": 0,
    "lang": "en",
    "updated": 0
  }
]