[
  {
    "id": "6afdf6a8-c601-436d-a215-19282b8bc528",
    "data": [
      {
        "text": "machine learning algoritham",
        "userDefined": false
      }
    ],
    "isTemplate": false,
    "count": 0,
    "lang": "en",
    "updated": 0
  },
  {
    "id": "d54a7675-5f21-4c98-9ed3-1835c56b1fb0",
    "data": [
      {
        "text": "what is machine learning algoritham",
        "userDefined": false
      }
    ],
    "isTemplate": false,
    "count": 0,
    "lang": "en",
    "updated": 0
  }
]