[
  {
    "id": "4939384e-3d5f-4234-b93f-fba2bdbfc7de",
    "data": [
      {
        "text": "algorithms of machine learning",
        "userDefined": false
      }
    ],
    "isTemplate": false,
    "count": 0,
    "lang": "en",
    "updated": 0
  },
  {
    "id": "5b02153c-cfcb-45c3-aee2-373c29cbfaa2",
    "data": [
      {
        "text": "machine learning algorithms",
        "userDefined": false
      }
    ],
    "isTemplate": false,
    "count": 0,
    "lang": "en",
    "updated": 0
  },
  {
    "id": "b881a741-4361-43d9-95d1-4f9067aa608c",
    "data": [
      {
        "text": "most commonly used machine learning algorithams",
        "userDefined": false
      }
    ],
    "isTemplate": false,
    "count": 0,
    "lang": "en",
    "updated": 0
  },
  {
    "id": "9877e3d8-bcab-44e4-9836-3144dc869b37",
    "data": [
      {
        "text": "what are the machine learning algorithams",
        "userDefined": false
      }
    ],
    "isTemplate": false,
    "count": 0,
    "lang": "en",
    "updated": 0
  }
]