[
  {
    "id": "5efdfa49-92b3-45f2-a245-49213e4f695d",
    "data": [
      {
        "text": "python library matplotlib",
        "userDefined": false
      }
    ],
    "isTemplate": false,
    "count": 0,
    "lang": "en",
    "updated": 0
  },
  {
    "id": "9f166896-0b0e-495b-97e9-67db6cf35c2c",
    "data": [
      {
        "text": "matplotlib",
        "userDefined": false
      }
    ],
    "isTemplate": false,
    "count": 0,
    "lang": "en",
    "updated": 0
  },
  {
    "id": "0f45d75f-d573-4d14-8c2e-7385ec7468c2",
    "data": [
      {
        "text": "what is matplotlib",
        "userDefined": false
      }
    ],
    "isTemplate": false,
    "count": 0,
    "lang": "en",
    "updated": 0
  }
]