[
  {
    "id": "504e2edb-bcfe-4633-a350-8907625cc1f6",
    "data": [
      {
        "text": "How to plot bar chart in matplotlib",
        "userDefined": false
      }
    ],
    "isTemplate": false,
    "count": 0,
    "lang": "en",
    "updated": 0
  },
  {
    "id": "fcb8d278-97a4-4aa3-a0e2-a4928fe3b934",
    "data": [
      {
        "text": "bar plot in matplotlib",
        "userDefined": false
      }
    ],
    "isTemplate": false,
    "count": 0,
    "lang": "en",
    "updated": 0
  },
  {
    "id": "6f15daf5-cc4f-4438-8c0f-ae83957cf957",
    "data": [
      {
        "text": "Matplotlib Bar Plot",
        "userDefined": false
      }
    ],
    "isTemplate": false,
    "count": 0,
    "lang": "en",
    "updated": 0
  }
]