[
  {
    "id": "de95a8b6-f06b-4f0d-b83b-0a50d64a86e7",
    "data": [
      {
        "text": "methods of machine learning",
        "userDefined": false
      }
    ],
    "isTemplate": false,
    "count": 0,
    "lang": "en",
    "updated": 0
  },
  {
    "id": "9b803475-b6a2-47ef-95cc-97653609ddf5",
    "data": [
      {
        "text": "what are the methods of machine learning",
        "userDefined": false
      }
    ],
    "isTemplate": false,
    "count": 0,
    "lang": "en",
    "updated": 0
  }
]