[
  {
    "id": "d153af98-0d49-4b69-ab66-ea4b5f1c2b10",
    "data": [
      {
        "text": "naive bayes algorithm",
        "userDefined": false
      }
    ],
    "isTemplate": false,
    "count": 0,
    "lang": "en",
    "updated": 0
  },
  {
    "id": "853e9010-46da-47e5-8dad-ee3655474521",
    "data": [
      {
        "text": "what is naive ",
        "userDefined": false
      },
      {
        "text": "bayes",
        "meta": "@sys.person",
        "alias": "person",
        "userDefined": false
      },
      {
        "text": " algorithm",
        "userDefined": false
      }
    ],
    "isTemplate": false,
    "count": 0,
    "lang": "en",
    "updated": 0
  },
  {
    "id": "5b708491-df53-4db4-a1fc-0778adb0ed99",
    "data": [
      {
        "text": "what is naive bayes",
        "userDefined": false
      }
    ],
    "isTemplate": false,
    "count": 0,
    "lang": "en",
    "updated": 0
  }
]