[
  {
    "id": "06f160ed-23c3-4a8e-a24c-e1499f288971",
    "data": [
      {
        "text": "numeric",
        "userDefined": false
      }
    ],
    "isTemplate": false,
    "count": 0,
    "lang": "en",
    "updated": 0
  },
  {
    "id": "960af7d7-c04e-44a2-b563-1baeec2d3f51",
    "data": [
      {
        "text": "what is the numeric datatype",
        "userDefined": false
      }
    ],
    "isTemplate": false,
    "count": 0,
    "lang": "en",
    "updated": 0
  },
  {
    "id": "a014fecf-8fd2-4f41-a2df-0fabd720d537",
    "data": [
      {
        "text": "numeric datatype",
        "userDefined": false
      }
    ],
    "isTemplate": false,
    "count": 0,
    "lang": "en",
    "updated": 0
  }
]