[
  {
    "id": "facd2571-f8d6-4d64-8bd2-ac64e7d2c989",
    "data": [
      {
        "text": "numpy",
        "userDefined": false
      }
    ],
    "isTemplate": false,
    "count": 0,
    "lang": "en",
    "updated": 0
  },
  {
    "id": "bc0718c8-6f34-4a08-810f-c7106709a16a",
    "data": [
      {
        "text": "python library numpy",
        "userDefined": false
      }
    ],
    "isTemplate": false,
    "count": 0,
    "lang": "en",
    "updated": 0
  },
  {
    "id": "d498f0e7-4869-4892-84fc-2c8b6040cb10",
    "data": [
      {
        "text": "first",
        "meta": "@sys.ordinal",
        "alias": "ordinal",
        "userDefined": false
      },
      {
        "text": " library of python",
        "userDefined": false
      }
    ],
    "isTemplate": false,
    "count": 0,
    "lang": "en",
    "updated": 0
  },
  {
    "id": "7bb41816-e189-47d8-a2cc-d5ee3abbada4",
    "data": [
      {
        "text": "numpy library",
        "userDefined": false
      }
    ],
    "isTemplate": false,
    "count": 0,
    "lang": "en",
    "updated": 0
  },
  {
    "id": "295ff4eb-4c23-401f-a0a2-dd51469f7541",
    "data": [
      {
        "text": "what is numpy library",
        "userDefined": false
      }
    ],
    "isTemplate": false,
    "count": 0,
    "lang": "en",
    "updated": 0
  }
]