[
  {
    "id": "c42db930-3c7d-498b-94bb-a02dbf5f013b",
    "data": [
      {
        "text": "numpy library",
        "userDefined": false
      }
    ],
    "isTemplate": false,
    "count": 0,
    "lang": "en",
    "updated": 0
  },
  {
    "id": "789f9e93-0039-4af4-92b1-58948981bde2",
    "data": [
      {
        "text": "define numpy",
        "userDefined": false
      }
    ],
    "isTemplate": false,
    "count": 0,
    "lang": "en",
    "updated": 0
  },
  {
    "id": "1ac988b2-93fd-402b-be50-69c55c3fbc3b",
    "data": [
      {
        "text": "describe numpy",
        "userDefined": false
      }
    ],
    "isTemplate": false,
    "count": 0,
    "lang": "en",
    "updated": 0
  },
  {
    "id": "a7dfdaa7-c7ba-4510-8291-103d6ee269ce",
    "data": [
      {
        "text": "np",
        "userDefined": false
      }
    ],
    "isTemplate": false,
    "count": 0,
    "lang": "en",
    "updated": 0
  },
  {
    "id": "c95915f4-c925-4abe-a4f0-05340e6c0d83",
    "data": [
      {
        "text": "what is np",
        "userDefined": false
      }
    ],
    "isTemplate": false,
    "count": 0,
    "lang": "en",
    "updated": 0
  },
  {
    "id": "29bd1ced-4a9a-466b-9a31-637647ef5415",
    "data": [
      {
        "text": "tell me about python library numpy",
        "userDefined": false
      }
    ],
    "isTemplate": false,
    "count": 0,
    "lang": "en",
    "updated": 0
  },
  {
    "id": "5866db0e-d63b-4762-90ec-558381c21784",
    "data": [
      {
        "text": "tell me about numpy",
        "userDefined": false
      }
    ],
    "isTemplate": false,
    "count": 0,
    "lang": "en",
    "updated": 0
  },
  {
    "id": "1b180f8e-801b-435c-b196-5645f835c0b3",
    "data": [
      {
        "text": "what is numpy",
        "userDefined": false
      }
    ],
    "isTemplate": false,
    "count": 0,
    "lang": "en",
    "updated": 0
  }
]