[
  {
    "id": "270ad867-1eed-467e-a8bd-8296937c27ce",
    "data": [
      {
        "text": "best language used by datascientists",
        "userDefined": false
      }
    ],
    "isTemplate": false,
    "count": 0,
    "lang": "en",
    "updated": 0
  },
  {
    "id": "1e81e811-4ce9-4159-889e-d285c9fbf75e",
    "data": [
      {
        "text": "will python provide libraries",
        "userDefined": false
      }
    ],
    "isTemplate": false,
    "count": 0,
    "lang": "en",
    "updated": 0
  },
  {
    "id": "6aae7a94-78a9-4563-aa11-366ed5a498cf",
    "data": [
      {
        "text": "which language is used by datascinetists",
        "userDefined": false
      }
    ],
    "isTemplate": false,
    "count": 0,
    "lang": "en",
    "updated": 0
  },
  {
    "id": "910890e1-7265-426f-ad74-bbd5708f9c9a",
    "data": [
      {
        "text": "language importance for datascience",
        "userDefined": false
      }
    ],
    "isTemplate": false,
    "count": 0,
    "lang": "en",
    "updated": 0
  },
  {
    "id": "605f807d-078e-48c1-b790-c615738445e2",
    "data": [
      {
        "text": "which language is important to become a datascientist",
        "userDefined": false
      }
    ],
    "isTemplate": false,
    "count": 0,
    "lang": "en",
    "updated": 0
  },
  {
    "id": "5eb5575e-c380-4507-bff9-6570fbaeb3b9",
    "data": [
      {
        "text": "why python required for datascientist",
        "userDefined": false
      }
    ],
    "isTemplate": false,
    "count": 0,
    "lang": "en",
    "updated": 0
  },
  {
    "id": "f1fc0ea8-980d-4478-91cd-19fa11d192ab",
    "data": [
      {
        "text": "Python for Data Science",
        "userDefined": false
      }
    ],
    "isTemplate": false,
    "count": 0,
    "lang": "en",
    "updated": 0
  }
]