[
  {
    "id": "92865ed5-e1a1-4cfb-a548-f239a8a35f03",
    "data": [
      {
        "text": "python simple",
        "userDefined": false
      }
    ],
    "isTemplate": false,
    "count": 0,
    "lang": "en",
    "updated": 0
  },
  {
    "id": "b84483f4-102a-4ff9-9863-0b87e45cedb3",
    "data": [
      {
        "text": "what is python functionality",
        "userDefined": false
      }
    ],
    "isTemplate": false,
    "count": 0,
    "lang": "en",
    "updated": 0
  },
  {
    "id": "dfcf01d8-0844-4123-a40e-897d512f62d5",
    "data": [
      {
        "text": "python simple to learn",
        "userDefined": false
      }
    ],
    "isTemplate": false,
    "count": 0,
    "lang": "en",
    "updated": 0
  },
  {
    "id": "f3e32df7-8c94-45d8-80cf-a14ac934eb01",
    "data": [
      {
        "text": "python",
        "userDefined": false
      }
    ],
    "isTemplate": false,
    "count": 0,
    "lang": "en",
    "updated": 0
  },
  {
    "id": "d47820ad-e1c8-4b35-a55b-ee18409df0bf",
    "data": [
      {
        "text": "what is python",
        "userDefined": false
      }
    ],
    "isTemplate": false,
    "count": 0,
    "lang": "en",
    "updated": 0
  }
]