[
  {
    "id": "f7bdf2e9-97de-420d-99ee-cef73b3aa234",
    "data": [
      {
        "text": "library of python",
        "userDefined": false
      }
    ],
    "isTemplate": false,
    "count": 0,
    "lang": "en",
    "updated": 0
  },
  {
    "id": "22a4bc95-b842-407a-9e10-5d9836bcf2bb",
    "data": [
      {
        "text": "python library",
        "userDefined": false
      }
    ],
    "isTemplate": false,
    "count": 0,
    "lang": "en",
    "updated": 0
  },
  {
    "id": "9e637807-f9b0-4df6-b83f-eee80ba6662c",
    "data": [
      {
        "text": "what is a python library",
        "userDefined": false
      }
    ],
    "isTemplate": false,
    "count": 0,
    "lang": "en",
    "updated": 0
  }
]