[
  {
    "id": "89912959-7b9c-407e-a05d-1de76fe69c7d",
    "data": [
      {
        "text": "datatypes in python",
        "userDefined": false
      }
    ],
    "isTemplate": false,
    "count": 0,
    "lang": "en",
    "updated": 0
  },
  {
    "id": "eb4e3200-a7db-4503-90a9-3aeb45430d02",
    "data": [
      {
        "text": "what are the datatypes in python",
        "userDefined": false
      }
    ],
    "isTemplate": false,
    "count": 0,
    "lang": "en",
    "updated": 0
  },
  {
    "id": "bb23bc71-63a7-4fa8-8c3f-7b09609b4204",
    "data": [
      {
        "text": "datatypes of python",
        "userDefined": false
      }
    ],
    "isTemplate": false,
    "count": 0,
    "lang": "en",
    "updated": 0
  },
  {
    "id": "90ffd99d-8db6-47c9-8b1b-c4c55a563ee2",
    "data": [
      {
        "text": "python datatypes",
        "userDefined": false
      }
    ],
    "isTemplate": false,
    "count": 0,
    "lang": "en",
    "updated": 0
  }
]