[
  {
    "id": "315e0dbb-ef52-4f79-a31f-efaeb7948148",
    "data": [
      {
        "text": "what is random forest algorithm in machine learning",
        "userDefined": false
      }
    ],
    "isTemplate": false,
    "count": 0,
    "lang": "en",
    "updated": 0
  },
  {
    "id": "c5190ae9-3980-4ff9-b020-46d7e53dbaa6",
    "data": [
      {
        "text": "what is random forest algorithm",
        "userDefined": false
      }
    ],
    "isTemplate": false,
    "count": 0,
    "lang": "en",
    "updated": 0
  },
  {
    "id": "01886e24-0c4b-4c5f-a206-7c77678c0927",
    "data": [
      {
        "text": "random forest algorithm",
        "userDefined": false
      }
    ],
    "isTemplate": false,
    "count": 0,
    "lang": "en",
    "updated": 0
  }
]