[
  {
    "id": "4310f042-4833-4007-a447-7a0298aece9d",
    "data": [
      {
        "text": "what is regression analysis in machine learning",
        "userDefined": false
      }
    ],
    "isTemplate": false,
    "count": 0,
    "lang": "en",
    "updated": 0
  },
  {
    "id": "2abc96d8-a804-4a58-b54a-cf66ae02a320",
    "data": [
      {
        "text": "what is regression",
        "userDefined": false
      }
    ],
    "isTemplate": false,
    "count": 0,
    "lang": "en",
    "updated": 0
  },
  {
    "id": "022293fa-b427-4980-a5a1-10a10bcc700a",
    "data": [
      {
        "text": "regresssion",
        "userDefined": false
      }
    ],
    "isTemplate": false,
    "count": 0,
    "lang": "en",
    "updated": 0
  },
  {
    "id": "16b27fbb-7419-4aef-8a01-a0bee19f3c7e",
    "data": [
      {
        "text": "Regression Analysis in Machine learning",
        "userDefined": false
      }
    ],
    "isTemplate": false,
    "count": 0,
    "lang": "en",
    "updated": 0
  }
]