[
  {
    "id": "ba9345ab-7b63-46d2-b3fe-79a0ab7bc058",
    "data": [
      {
        "text": "array reshaping",
        "userDefined": false
      }
    ],
    "isTemplate": false,
    "count": 0,
    "lang": "en",
    "updated": 0
  },
  {
    "id": "a19cbc32-3d04-44c8-9e96-d2338ee5b0fe",
    "data": [
      {
        "text": "reshape array",
        "userDefined": false
      }
    ],
    "isTemplate": false,
    "count": 0,
    "lang": "en",
    "updated": 0
  },
  {
    "id": "8cb3c488-e8c4-42c5-96f6-f995c21e5234",
    "data": [
      {
        "text": "how to reshape an array",
        "userDefined": false
      }
    ],
    "isTemplate": false,
    "count": 0,
    "lang": "en",
    "updated": 0
  }
]