[
  {
    "id": "6bed755d-557b-4d2e-b850-c0aa5c73c704",
    "data": [
      {
        "text": "library for integration of modules",
        "userDefined": false
      }
    ],
    "isTemplate": false,
    "count": 0,
    "lang": "en",
    "updated": 0
  },
  {
    "id": "97d02ab6-c7d0-4081-b35c-e4e0c389037b",
    "data": [
      {
        "text": "library used for mathematical computation",
        "userDefined": false
      }
    ],
    "isTemplate": false,
    "count": 0,
    "lang": "en",
    "updated": 0
  },
  {
    "id": "68c96566-10b7-48b1-8346-e250ce574f71",
    "data": [
      {
        "text": "library used for linear algebra",
        "userDefined": false
      }
    ],
    "isTemplate": false,
    "count": 0,
    "lang": "en",
    "updated": 0
  },
  {
    "id": "7003cca1-bf0e-4a2f-b1bd-a6d4d8ecef46",
    "data": [
      {
        "text": "library for linear algebra",
        "userDefined": false
      }
    ],
    "isTemplate": false,
    "count": 0,
    "lang": "en",
    "updated": 0
  },
  {
    "id": "920407a7-34d3-4404-8b1a-149670c0ab72",
    "data": [
      {
        "text": "library for mathematical computing",
        "userDefined": false
      }
    ],
    "isTemplate": false,
    "count": 0,
    "lang": "en",
    "updated": 0
  },
  {
    "id": "92f4c260-b6c7-45df-9260-015bf771a710",
    "data": [
      {
        "text": "library for multiple modules for integration",
        "userDefined": false
      }
    ],
    "isTemplate": false,
    "count": 0,
    "lang": "en",
    "updated": 0
  },
  {
    "id": "cfe6ffd4-3e45-4e21-926b-5ef52b582353",
    "data": [
      {
        "text": "scipy",
        "userDefined": false
      }
    ],
    "isTemplate": false,
    "count": 2,
    "lang": "en",
    "updated": 0
  },
  {
    "id": "95d3d628-b4bd-4e27-9344-22ba9d672ad9",
    "data": [
      {
        "text": "python library scipy",
        "userDefined": false
      }
    ],
    "isTemplate": false,
    "count": 1,
    "lang": "en",
    "updated": 0
  }
]