[
  {
    "id": "ed155e9d-4e68-4cf8-bf2b-51692b8cca23",
    "data": [
      {
        "text": "semi superised learning",
        "userDefined": false
      }
    ],
    "isTemplate": false,
    "count": 0,
    "lang": "en",
    "updated": 0
  },
  {
    "id": "0506fa33-9b48-4703-a082-67a3747a47fc",
    "data": [
      {
        "text": "what is  semi supervised machine learning",
        "userDefined": false
      }
    ],
    "isTemplate": false,
    "count": 0,
    "lang": "en",
    "updated": 0
  }
]