[
  {
    "id": "206860e4-4f03-4584-ba57-41559d6685d3",
    "data": [
      {
        "text": "python sequence datatype",
        "userDefined": false
      }
    ],
    "isTemplate": false,
    "count": 0,
    "lang": "en",
    "updated": 0
  },
  {
    "id": "f0c6e48c-8ba0-4916-8054-0f4c4de512b6",
    "data": [
      {
        "text": "what is sequence datatype",
        "userDefined": false
      }
    ],
    "isTemplate": false,
    "count": 0,
    "lang": "en",
    "updated": 0
  },
  {
    "id": "702cafac-6e1b-4f88-93f7-29813677fb9b",
    "data": [
      {
        "text": "sequence datatype",
        "userDefined": false
      }
    ],
    "isTemplate": false,
    "count": 0,
    "lang": "en",
    "updated": 0
  }
]