[
  {
    "id": "4a4c541d-4653-4610-9e3c-5ce55ccebf3d",
    "data": [
      {
        "text": "set",
        "userDefined": false
      }
    ],
    "isTemplate": false,
    "count": 0,
    "lang": "en",
    "updated": 0
  },
  {
    "id": "9728a045-b8dd-417f-a579-0c1b6c24ef8b",
    "data": [
      {
        "text": "unordered collection datatype",
        "userDefined": false
      }
    ],
    "isTemplate": false,
    "count": 0,
    "lang": "en",
    "updated": 0
  },
  {
    "id": "7d251159-d5b9-41bc-87ce-b66de94b0a9c",
    "data": [
      {
        "text": "what is unordered collection of data type",
        "userDefined": false
      }
    ],
    "isTemplate": false,
    "count": 0,
    "lang": "en",
    "updated": 0
  },
  {
    "id": "0e08e6b1-bb23-498c-a973-e524adaaf655",
    "data": [
      {
        "text": "set datatype",
        "userDefined": false
      }
    ],
    "isTemplate": false,
    "count": 0,
    "lang": "en",
    "updated": 0
  },
  {
    "id": "21588c59-7ed2-486c-8628-1c1d23b268ba",
    "data": [
      {
        "text": "what is a set",
        "userDefined": false
      }
    ],
    "isTemplate": false,
    "count": 0,
    "lang": "en",
    "updated": 0
  }
]