[
  {
    "id": "d7f07e9e-d96f-4294-b15b-1c64a692bf7c",
    "data": [
      {
        "text": "how to know size of an array",
        "userDefined": false
      }
    ],
    "isTemplate": false,
    "count": 0,
    "lang": "en",
    "updated": 0
  },
  {
    "id": "9d413e99-9161-4e33-af02-d92648603bfe",
    "data": [
      {
        "text": "how to know shape of an array",
        "userDefined": false
      }
    ],
    "isTemplate": false,
    "count": 0,
    "lang": "en",
    "updated": 0
  },
  {
    "id": "2e565511-ee19-430b-abca-fd04b711f075",
    "data": [
      {
        "text": "array shape and size",
        "userDefined": false
      }
    ],
    "isTemplate": false,
    "count": 0,
    "lang": "en",
    "updated": 0
  },
  {
    "id": "c5831169-dd90-4886-8d98-78f050057559",
    "data": [
      {
        "text": "shape and size of an array",
        "userDefined": false
      }
    ],
    "isTemplate": false,
    "count": 0,
    "lang": "en",
    "updated": 0
  },
  {
    "id": "17fecaed-5610-44b1-8bf2-c676dcaaaceb",
    "data": [
      {
        "text": "how to know shape and size of an array",
        "userDefined": false
      }
    ],
    "isTemplate": false,
    "count": 0,
    "lang": "en",
    "updated": 0
  }
]