[
  {
    "id": "7663f431-0235-4424-8583-e94e38559e42",
    "data": [
      {
        "text": "what is str",
        "userDefined": false
      }
    ],
    "isTemplate": false,
    "count": 0,
    "lang": "en",
    "updated": 0
  },
  {
    "id": "b725c26d-3af5-45d3-8e2a-6e6124a45b6f",
    "data": [
      {
        "text": "datatype string",
        "userDefined": false
      }
    ],
    "isTemplate": false,
    "count": 0,
    "lang": "en",
    "updated": 0
  },
  {
    "id": "d5b3a4a1-efec-49ee-8c76-1de8b6dfe07a",
    "data": [
      {
        "text": "str datatype",
        "userDefined": false
      }
    ],
    "isTemplate": false,
    "count": 0,
    "lang": "en",
    "updated": 0
  },
  {
    "id": "e7a3711e-6965-4fbc-9cd4-087768d6d296",
    "data": [
      {
        "text": "what is string datatype",
        "userDefined": false
      }
    ],
    "isTemplate": false,
    "count": 0,
    "lang": "en",
    "updated": 0
  }
]