[
  {
    "id": "b2d3f3e1-5539-4a64-a6a7-a0c1efa9b606",
    "data": [
      {
        "text": "what is supervised learning",
        "userDefined": false
      }
    ],
    "isTemplate": false,
    "count": 0,
    "lang": "en",
    "updated": 0
  },
  {
    "id": "8cd209b0-080e-4652-a9be-9a8bf03ca478",
    "data": [
      {
        "text": "what is supervised machine learning",
        "userDefined": false
      }
    ],
    "isTemplate": false,
    "count": 0,
    "lang": "en",
    "updated": 0
  }
]