[
  {
    "id": "8d2ccbd6-d664-4765-9c3c-f3fc7cd367c2",
    "data": [
      {
        "text": "algorithm used for face detection, image classification and drug discovery",
        "userDefined": false
      }
    ],
    "isTemplate": false,
    "count": 0,
    "lang": "en",
    "updated": 0
  },
  {
    "id": "e4c70fb4-f0a2-43cd-90f9-984f1f1eb059",
    "data": [
      {
        "text": "a supervised learning algorithm svm",
        "userDefined": false
      }
    ],
    "isTemplate": false,
    "count": 0,
    "lang": "en",
    "updated": 0
  },
  {
    "id": "0bc89947-e7e5-44a3-91ee-31695ca2be19",
    "data": [
      {
        "text": "what is support vector machine",
        "userDefined": false
      }
    ],
    "isTemplate": false,
    "count": 0,
    "lang": "en",
    "updated": 0
  },
  {
    "id": "43e89e32-d4a0-4874-8a9f-a3668ddf2021",
    "data": [
      {
        "text": "what is svm",
        "userDefined": false
      }
    ],
    "isTemplate": false,
    "count": 0,
    "lang": "en",
    "updated": 0
  }
]