[
  {
    "id": "c52767a2-5bd1-42f6-97be-1257c2c0d3d6",
    "data": [
      {
        "text": "clustering techniques",
        "userDefined": false
      }
    ],
    "isTemplate": false,
    "count": 0,
    "lang": "en",
    "updated": 0
  },
  {
    "id": "2581817c-79cc-484b-836c-015c364a8b93",
    "data": [
      {
        "text": "basic principles behind datascience techniques",
        "userDefined": false
      }
    ],
    "isTemplate": false,
    "count": 0,
    "lang": "en",
    "updated": 0
  },
  {
    "id": "bbf52cbb-5d6b-4bc4-b484-c54a456fd47d",
    "data": [
      {
        "text": "classification and regression techniques",
        "userDefined": false
      }
    ],
    "isTemplate": false,
    "count": 0,
    "lang": "en",
    "updated": 0
  },
  {
    "id": "137df0f0-597f-47ee-9a01-80be3b684591",
    "data": [
      {
        "text": "regression techniques",
        "userDefined": false
      }
    ],
    "isTemplate": false,
    "count": 0,
    "lang": "en",
    "updated": 0
  },
  {
    "id": "458c8687-ddf5-45dc-9ab7-f90beeb6200a",
    "data": [
      {
        "text": "classification techniques",
        "userDefined": false
      }
    ],
    "isTemplate": false,
    "count": 0,
    "lang": "en",
    "updated": 0
  },
  {
    "id": "013b85e4-e222-463d-99c3-c0e4dbe0e7fe",
    "data": [
      {
        "text": "define different techniques of datascience",
        "userDefined": false
      }
    ],
    "isTemplate": false,
    "count": 1,
    "lang": "en",
    "updated": 0
  },
  {
    "id": "2592b9d5-c630-4dcd-9e9b-29af052e008e",
    "data": [
      {
        "text": "explore techniques of datascience",
        "userDefined": false
      }
    ],
    "isTemplate": false,
    "count": 0,
    "lang": "en",
    "updated": 0
  },
  {
    "id": "9014b8be-0906-434d-88fa-240ba80d686d",
    "data": [
      {
        "text": "explain different techniques of datascience",
        "userDefined": false
      }
    ],
    "isTemplate": false,
    "count": 0,
    "lang": "en",
    "updated": 0
  },
  {
    "id": "79e61a8f-cf60-4efd-938b-51ae376eb289",
    "data": [
      {
        "text": "types of techniques in datascience",
        "userDefined": false
      }
    ],
    "isTemplate": false,
    "count": 0,
    "lang": "en",
    "updated": 0
  },
  {
    "id": "bd93b441-b818-4e85-8087-7be1c7e761e3",
    "data": [
      {
        "text": "datascience techniques",
        "userDefined": false
      }
    ],
    "isTemplate": false,
    "count": 0,
    "lang": "en",
    "updated": 0
  },
  {
    "id": "36ebfc0b-62cf-48f3-8e67-afe2ca403829",
    "data": [
      {
        "text": "different techniques of datascience",
        "userDefined": false
      }
    ],
    "isTemplate": false,
    "count": 0,
    "lang": "en",
    "updated": 0
  },
  {
    "id": "65601c8a-a9c6-4e4c-a569-229ee0436bf0",
    "data": [
      {
        "text": "techniques of datascience",
        "userDefined": false
      }
    ],
    "isTemplate": false,
    "count": 0,
    "lang": "en",
    "updated": 0
  },
  {
    "id": "42e4ff25-ee2e-4855-ac62-938a0bebdfe8",
    "data": [
      {
        "text": "what are the techniques of datascience",
        "userDefined": false
      }
    ],
    "isTemplate": false,
    "count": 0,
    "lang": "en",
    "updated": 0
  }
]