[
  {
    "id": "c8dcda7b-ca55-434f-807d-3aa3b9d8ef99",
    "data": [
      {
        "text": "tuple datatype",
        "userDefined": false
      }
    ],
    "isTemplate": false,
    "count": 0,
    "lang": "en",
    "updated": 0
  },
  {
    "id": "a5a0768b-0622-48e5-9a62-45ce4f56e3bd",
    "data": [
      {
        "text": "what is tuple datatype",
        "userDefined": false
      }
    ],
    "isTemplate": false,
    "count": 0,
    "lang": "en",
    "updated": 0
  },
  {
    "id": "b1d4297b-3339-4a8b-a36a-7f54bee7f63f",
    "data": [
      {
        "text": "tuple",
        "userDefined": false
      }
    ],
    "isTemplate": false,
    "count": 0,
    "lang": "en",
    "updated": 0
  },
  {
    "id": "f45f03f6-e1e9-4f6c-ae97-7b36a8625751",
    "data": [
      {
        "text": "what is a tuple",
        "userDefined": false
      }
    ],
    "isTemplate": false,
    "count": 0,
    "lang": "en",
    "updated": 0
  }
]