[
  {
    "id": "53e142f8-a78f-47fe-8f79-bdcc035919f9",
    "data": [
      {
        "text": "unsupervised learning",
        "userDefined": false
      }
    ],
    "isTemplate": false,
    "count": 0,
    "lang": "en",
    "updated": 0
  },
  {
    "id": "4d09f13a-a4a0-4d91-9b8c-c82da8b56a33",
    "data": [
      {
        "text": "unsupervised machine learning",
        "userDefined": false
      }
    ],
    "isTemplate": false,
    "count": 0,
    "lang": "en",
    "updated": 0
  },
  {
    "id": "bc97b9ea-e500-4baa-99d5-2dc6776306dc",
    "data": [
      {
        "text": "what is unsupervised machine learning",
        "userDefined": false
      }
    ],
    "isTemplate": false,
    "count": 0,
    "lang": "en",
    "updated": 0
  }
]