[
  {
    "id": "02288aec-d0bd-4f70-abe3-9b0787059a91",
    "data": [
      {
        "text": "matplotlib usage",
        "userDefined": false
      }
    ],
    "isTemplate": false,
    "count": 0,
    "lang": "en",
    "updated": 0
  },
  {
    "id": "c5e9362a-bf08-4009-9aed-964b84022e56",
    "data": [
      {
        "text": "use of matplotlib in python",
        "userDefined": false
      }
    ],
    "isTemplate": false,
    "count": 0,
    "lang": "en",
    "updated": 0
  },
  {
    "id": "54a9ceec-e6c1-40bc-8ce8-0247db4fbf62",
    "data": [
      {
        "text": "what is the use of matplotlib",
        "userDefined": false
      }
    ],
    "isTemplate": false,
    "count": 0,
    "lang": "en",
    "updated": 0
  }
]