[
  {
    "id": "34131f55-3674-439b-8b2e-c3ea4320b92e",
    "data": [
      {
        "text": "what is arrayobject in numpy",
        "userDefined": false
      }
    ],
    "isTemplate": false,
    "count": 0,
    "lang": "en",
    "updated": 0
  },
  {
    "id": "22607ab7-6bc0-40bb-b1cf-9af2d6b0f066",
    "data": [
      {
        "text": "why to use array in numpy",
        "userDefined": false
      }
    ],
    "isTemplate": false,
    "count": 0,
    "lang": "en",
    "updated": 0
  },
  {
    "id": "75c2040f-d430-4957-b09c-481e2c801073",
    "data": [
      {
        "text": "arrays uses in numpy",
        "userDefined": false
      }
    ],
    "isTemplate": false,
    "count": 0,
    "lang": "en",
    "updated": 0
  },
  {
    "id": "279c2fea-7b12-4e40-8f3b-520dfc056474",
    "data": [
      {
        "text": "uses of arrays",
        "userDefined": false
      }
    ],
    "isTemplate": false,
    "count": 0,
    "lang": "en",
    "updated": 0
  },
  {
    "id": "ab4ac0c3-c140-4a63-af0f-f7e224bea379",
    "data": [
      {
        "text": "numpy uses",
        "userDefined": false
      }
    ],
    "isTemplate": false,
    "count": 0,
    "lang": "en",
    "updated": 0
  },
  {
    "id": "0bd375d4-6402-4020-b4dd-0861c8e70fd9",
    "data": [
      {
        "text": "why use numpy",
        "userDefined": false
      }
    ],
    "isTemplate": false,
    "count": 0,
    "lang": "en",
    "updated": 0
  },
  {
    "id": "0fd3a780-d82d-4aa0-b3f0-20ea951f69a7",
    "data": [
      {
        "text": "why to use numpy",
        "userDefined": false
      }
    ],
    "isTemplate": false,
    "count": 0,
    "lang": "en",
    "updated": 0
  },
  {
    "id": "9451f4f7-0b0f-4d55-85f7-47ff5352071c",
    "data": [
      {
        "text": "uses of numpy",
        "userDefined": false
      }
    ],
    "isTemplate": false,
    "count": 0,
    "lang": "en",
    "updated": 0
  }
]