[
  {
    "id": "9b1146c8-7598-4a64-85dc-b857ff131e5b",
    "data": [
      {
        "text": "Scipy in machine learning",
        "userDefined": false
      }
    ],
    "isTemplate": false,
    "count": 0,
    "lang": "en",
    "updated": 0
  },
  {
    "id": "d5ba1a5b-a1e9-49a2-903d-9105ce21c3b4",
    "data": [
      {
        "text": "What is SciPy in machine learning?",
        "userDefined": false
      }
    ],
    "isTemplate": false,
    "count": 0,
    "lang": "en",
    "updated": 0
  }
]