[
  {
    "id": "aec07a01-db5d-4846-9f74-1eb8ce3bddaf",
    "data": [
      {
        "text": "python library ",
        "userDefined": false
      },
      {
        "text": "seaborn",
        "meta": "@sys.person",
        "alias": "person",
        "userDefined": false
      }
    ],
    "isTemplate": false,
    "count": 0,
    "lang": "en",
    "updated": 0
  },
  {
    "id": "e8b3387c-c1fe-4d2d-9ba6-ed62a07d46a2",
    "data": [
      {
        "text": "what is ",
        "userDefined": false
      },
      {
        "text": "seaborn",
        "meta": "@sys.person",
        "alias": "person",
        "userDefined": false
      },
      {
        "text": "?",
        "userDefined": false
      }
    ],
    "isTemplate": false,
    "count": 0,
    "lang": "en",
    "updated": 0
  }
]