[
  {
    "id": "65bfb787-78dc-4232-885b-4e5c7681a63a",
    "data": [
      {
        "text": "tensorflow in python",
        "userDefined": false
      }
    ],
    "isTemplate": false,
    "count": 0,
    "lang": "en",
    "updated": 0
  },
  {
    "id": "cdc3b660-f356-498c-87ab-ca24abd57999",
    "data": [
      {
        "text": "python library tensorflow",
        "userDefined": false
      }
    ],
    "isTemplate": false,
    "count": 0,
    "lang": "en",
    "updated": 0
  },
  {
    "id": "5e96586d-b6d2-41f8-92b4-0acfc3988bda",
    "data": [
      {
        "text": "What is Tensorflow?",
        "userDefined": false
      }
    ],
    "isTemplate": false,
    "count": 0,
    "lang": "en",
    "updated": 0
  }
]