[
  {
    "id": "53254eb7-7416-4fa2-a840-36bd07a30901",
    "data": [
      {
        "text": "Difference between numpy and scipy",
        "userDefined": false
      }
    ],
    "isTemplate": false,
    "count": 0,
    "lang": "en",
    "updated": 0
  },
  {
    "id": "b01723ec-d701-457d-a2ab-c123be1c6f79",
    "data": [
      {
        "text": "What is difference between NumPy and SciPy?",
        "userDefined": false
      }
    ],
    "isTemplate": false,
    "count": 0,
    "lang": "en",
    "updated": 0
  }
]