[
  {
    "id": "b9e6b3d4-599c-4ff6-adcc-2d6935e17ac0",
    "data": [
      {
        "text": "keras purpose",
        "userDefined": false
      }
    ],
    "isTemplate": false,
    "count": 0,
    "lang": "en",
    "updated": 0
  },
  {
    "id": "baf7dade-cfee-4ad2-b556-3c2aa9b00e96",
    "data": [
      {
        "text": "purpose of keras",
        "userDefined": false
      }
    ],
    "isTemplate": false,
    "count": 0,
    "lang": "en",
    "updated": 0
  },
  {
    "id": "d9f33272-182c-4801-95a9-b0377a3ce9d3",
    "data": [
      {
        "text": "What is the purpose of Keras?",
        "userDefined": false
      }
    ],
    "isTemplate": false,
    "count": 0,
    "lang": "en",
    "updated": 0
  }
]