[
  {
    "id": "7f00f3f3-a39b-40a2-8ae5-60e9f6369306",
    "data": [
      {
        "text": "structure of scrapy",
        "userDefined": false
      }
    ],
    "isTemplate": false,
    "count": 0,
    "lang": "en",
    "updated": 0
  },
  {
    "id": "2aa58044-ff9d-4a66-b1e6-1c16ef2484a9",
    "data": [
      {
        "text": "what is the default structure of scrapy projects?",
        "userDefined": false
      }
    ],
    "isTemplate": false,
    "count": 0,
    "lang": "en",
    "updated": 0
  }
]