[
  {
    "id": "2b606240-9f51-4075-b710-1fbc8de23bc2",
    "data": [
      {
        "text": "difference between numpy arrays and python list",
        "userDefined": false
      }
    ],
    "isTemplate": false,
    "count": 0,
    "lang": "en",
    "updated": 0
  },
  {
    "id": "8f569e47-c3a9-4ab4-8feb-5dd54bf88e65",
    "data": [
      {
        "text": "numpy uses less memory",
        "userDefined": false
      }
    ],
    "isTemplate": false,
    "count": 0,
    "lang": "en",
    "updated": 0
  },
  {
    "id": "fc0a36f1-da55-43d6-b198-09fc1dead0e9",
    "data": [
      {
        "text": "numpy arrays faster",
        "userDefined": false
      }
    ],
    "isTemplate": false,
    "count": 0,
    "lang": "en",
    "updated": 0
  },
  {
    "id": "3bb53f44-84f9-4fcd-9d5d-b3d803a61085",
    "data": [
      {
        "text": "numpy use",
        "userDefined": false
      }
    ],
    "isTemplate": false,
    "count": 0,
    "lang": "en",
    "updated": 0
  },
  {
    "id": "60bce921-69ae-4dac-bc10-4443b55ee17d",
    "data": [
      {
        "text": "usage of numpy",
        "userDefined": false
      }
    ],
    "isTemplate": false,
    "count": 0,
    "lang": "en",
    "updated": 0
  },
  {
    "id": "32b2d5c0-0c68-4fe6-abdb-e32f9a59d027",
    "data": [
      {
        "text": "why to use numpy",
        "userDefined": false
      }
    ],
    "isTemplate": false,
    "count": 0,
    "lang": "en",
    "updated": 0
  }
]