[
  {
    "id": "ccb8c3e7-4458-43a5-b529-d49039feb92a",
    "data": [
      {
        "text": "why data science",
        "userDefined": false
      }
    ],
    "isTemplate": false,
    "count": 0,
    "lang": "en",
    "updated": 0
  },
  {
    "id": "9c6b5c9f-06f4-48b8-9563-574f46095877",
    "data": [
      {
        "text": "why to use data science",
        "userDefined": false
      }
    ],
    "isTemplate": false,
    "count": 0,
    "lang": "en",
    "updated": 0
  },
  {
    "id": "dd37058b-8223-4742-af7e-0e88fa886de5",
    "data": [
      {
        "text": "importance of data science",
        "userDefined": false
      }
    ],
    "isTemplate": false,
    "count": 0,
    "lang": "en",
    "updated": 0
  },
  {
    "id": "e7e53864-dc27-4151-b7ef-c322c5c30b74",
    "data": [
      {
        "text": "is data science important",
        "userDefined": false
      }
    ],
    "isTemplate": false,
    "count": 0,
    "lang": "en",
    "updated": 0
  },
  {
    "id": "dde6b201-d21e-4676-af1d-38a51e1a079c",
    "data": [
      {
        "text": "datasciecnce important",
        "userDefined": false
      }
    ],
    "isTemplate": false,
    "count": 0,
    "lang": "en",
    "updated": 0
  },
  {
    "id": "520e3b38-6f83-4329-bac7-6aed03a76b74",
    "data": [
      {
        "text": "Why is data science important?",
        "userDefined": false
      }
    ],
    "isTemplate": false,
    "count": 0,
    "lang": "en",
    "updated": 0
  }
]