[
  {
    "id": "32e1aa9c-f594-4697-8450-2a50d20504f1",
    "data": [
      {
        "text": "why machine learning important for datascientist",
        "userDefined": false
      }
    ],
    "isTemplate": false,
    "count": 0,
    "lang": "en",
    "updated": 0
  },
  {
    "id": "0ce6c67c-1962-4ed8-a22f-e8319d93c692",
    "data": [
      {
        "text": "why machine learning in datascience",
        "userDefined": false
      }
    ],
    "isTemplate": false,
    "count": 0,
    "lang": "en",
    "updated": 0
  },
  {
    "id": "9487cd5b-5d84-4083-811e-6b581d01494e",
    "data": [
      {
        "text": "reason for machinelearning in datascience",
        "userDefined": false
      }
    ],
    "isTemplate": false,
    "count": 0,
    "lang": "en",
    "updated": 0
  },
  {
    "id": "9db27fa7-c2ed-4387-b9b5-f02e3653700f",
    "data": [
      {
        "text": "Why is machine learning important for data scientists",
        "userDefined": false
      }
    ],
    "isTemplate": false,
    "count": 0,
    "lang": "en",
    "updated": 0
  },
  {
    "id": "8a028a01-79c2-4560-bc74-eba863cee8ee",
    "data": [
      {
        "text": "importance of machine learning in datascience",
        "userDefined": false
      }
    ],
    "isTemplate": false,
    "count": 0,
    "lang": "en",
    "updated": 0
  },
  {
    "id": "a0191ed1-0167-4515-a8bd-63f8d4c5c969",
    "data": [
      {
        "text": "why machinelearning important in datascience",
        "userDefined": false
      }
    ],
    "isTemplate": false,
    "count": 0,
    "lang": "en",
    "updated": 0
  }
]