[
  {
    "id": "803c146f-5e6f-4710-b761-ca720828fb3f",
    "data": [
      {
        "text": "what is the work of a data scientist",
        "userDefined": false
      }
    ],
    "isTemplate": false,
    "count": 0,
    "lang": "en",
    "updated": 0
  },
  {
    "id": "aa69ca54-2a3c-458f-b27e-718c6920e234",
    "data": [
      {
        "text": "datasciecntist work",
        "userDefined": false
      }
    ],
    "isTemplate": false,
    "count": 0,
    "lang": "en",
    "updated": 0
  },
  {
    "id": "374cecdb-ece7-46a3-87b4-c0f47aa914b9",
    "data": [
      {
        "text": "work of datascientist",
        "userDefined": false
      }
    ],
    "isTemplate": false,
    "count": 0,
    "lang": "en",
    "updated": 0
  },
  {
    "id": "7c6b7109-9611-40e5-9ce0-778fb6cd1d05",
    "data": [
      {
        "text": "What does a data scientist do",
        "userDefined": false
      }
    ],
    "isTemplate": false,
    "count": 0,
    "lang": "en",
    "updated": 0
  }
]