[
  {
    "id": "6e1d4dd9-321f-4dc3-859c-7972125d256c",
    "data": [
      {
        "text": "python library work",
        "userDefined": false
      }
    ],
    "isTemplate": false,
    "count": 0,
    "lang": "en",
    "updated": 0
  },
  {
    "id": "29598ebd-579f-419a-8996-323b207aa11d",
    "data": [
      {
        "text": "work of python library",
        "userDefined": false
      }
    ],
    "isTemplate": false,
    "count": 0,
    "lang": "en",
    "updated": 0
  },
  {
    "id": "0f9076dd-74d9-4cae-b920-de15d544e3d7",
    "data": [
      {
        "text": "how a python library will work",
        "userDefined": false
      }
    ],
    "isTemplate": false,
    "count": 0,
    "lang": "en",
    "updated": 0
  }
]